date,Songs,First Line of Song,Music leader,CCLI# or Ref,Reported,,,,,,,,,,,,,,,,,,,,,
1/8/21,All Creatures of our God and King,All creatures of our God and King,Mary,,,,,,,,,,,,,,,,,,,,,,,
1/8/21,From The Top of My Head,From the top of my head,Mary,,,,,,,,,,,,,,,,,,,,,,,
1/8/21,Our God is Greater,"Water You turned into wine,",Mary,,,,,,,,,,,,,,,,,,,,,,,
1/8/21,The Lion and the Lamb,He's coming on the clouds,Mary,,,,,,,,,,,,,,,,,,,,,,,
1/8/21,"Indescribable, Uncontainable",From the highest of heights to the depths of the sea,Mary,,,,,,,,,,,,,,,,,,,,,,,
8/8/21,In Christ Alone,In Christ alone my hope is found,Sue,,,,,,,,,,,,,,,,,,,,,,,
8/8/21,Our God is a Great Big God,Our God is a great big God,Sue,,,,,,,,,,,,,,,,,,,,,,,
8/8/21,Behold Our God,Who has held the oceans in His hands?,Sue,,,,,,,,,,,,,,,,,,,,,,,
8/8/21,And Can It Be,And can it be that I should gain?,Sue,,,,,,,,,,,,,,,,,,,,,,,
15/08/21,My Lighthouse,In my wrestling and in my doubts,Mary,,,,,,,,,,,,,,,,,,,,,,,
15/08/21,I Raise a Hallelujah,I raise a hallelujah in the presence of my enemies,Mary,,,,,,,,,,,,,,,,,,,,,,,
15/08/21,Hope of the Nations,"Jesus, hope of the nations;",Mary,,,,,,,,,,,,,,,,,,,,,,,
15/08/21,I Stand Amazed in the Presence,Who breaks the power of sin and darkness?,Mary,,,,,,,,,,,,,,,,,,,,,,,
15/08/21,This is Amazing Grace,,Mary,,,,,,,,,,,,,,,,,,,,,,,
22/08/21,Shine Jesus Shine,Shine Jesus Shine,Sue,,,,,,,,,,,,,,,,,,,,,,,
22/08/21,Shine,Shine! From the inside out.,Sue,,,,,,,,,,,,,,,,,,,,,,,
22/08/21,"Lord, I Come to You",Lord. I come to You,Sue,,,,,,,,,,,,,,,,,,,,,,,
22/08/21,"Lord, For The Years","Lord, for the years your love has kept and guided",Sue,,,,,,,,,,,,,,,,,,,,,,,
29/08/21,Praise My Soul,Praise my soul the King of heaven,Sue,,,,,,,,,,,,,,,,,,,,,,,
29/08/21,I Am a New Creation,I am a new creation,Sue,,,,,,,,,,,,,,,,,,,,,,,
29/08/21,Our God Reigns,How lovely on the mountains,Sue,,,,,,,,,,,,,,,,,,,,,,,
29/08/21,Love Divine,Love divine all loves excelling,Sue,,,,,,,,,,,,,,,,,,,,,,,
5/9/21,Behold Our God,Who has held the oceans in His hands?,Mary,,,,,,,,,,,,,,,,,,,,,,,
5/9/21,Turn Your Eyes Upon Jesus,Turn your eyes upon Jesus,Mary,,,,,,,,,,,,,,,,,,,,,,,
5/9/21,To The River,To the river I am going,Mary,,,,,,,,,,,,,,,,,,,,,,,
5/9/21,Is He Worthy?,Do you feel the world is broken?,Mary,,,,,,,,,,,,,,,,,,,,,,,
5/9/21,Build Your Kingdom Here,Come set Your rule and reign,Mary,,,,,,,,,,,,,,,,,,,,,,,
12/9/21,Be Thou My Vision,"Be Thou my vision, O Lord of my heart",Mary,,,,,,,,,,,,,,,,,,,,,,,
12/9/21,Goodness of God,"I love you Lord, oh Your mercy never fails me",Mary,,,,,,,,,,,,,,,,,,,,,,,
12/9/21,I Raise a Hallelujah,I raise a hallelujah in the presence of my enemies,Mary,,,,,,,,,,,,,,,,,,,,,,,
12/9/21,Yet Not I But Through Christ In Me,What gift of grace is Jesus my redeemer,Mary,,,,,,,,,,,,,,,,,,,,,,,
12/9/21,By Faith,By faith we see the hand of God,Mary,,,,,,,,,,,,,,,,,,,,,,,
19/09/21,You Never Let Go,Even though I walk through the valley of the shadow of death,Sue,,,,,,,,,,,,,,,,,,,,,,,
19/09/21,The Lord’s My Shepherd,The Lord’s My Shepherd,Sue,,,,,,,,,,,,,,,,,,,,,,,
19/09/21,I Believe In God The Father,I Believe In God The Father,Sue,,,,,,,,,,,,,,,,,,,,,,,
19/09/21,Faithful One,"Faithful One so unchanging 
",Sue,,,,,,,,,,,,,,,,,,,,,,,
19/09/21,Lord I Lift Your Name On High,"Lord, I life Your name on high",Sue,,,,,,,,,,,,,,,,,,,,,,,
3/10/21,For the Beauty of the Earth,For the beauty of the earth,Sue,,,,,,,,,,,,,,,,,,,,,,,
3/10/21,The Splendour of the King,"The splendour of the King, clothed in majesty",Sue,,,,,,,,,,,,,,,,,,,,,,,
3/10/21,Let everything that has breath praise the Lord,Let everything that has breath praise the Lord,Sue,,,,,,,,,,,,,,,,,,,,,,,
3/10/21,Our God,Water you turned into wine,Sue,,,,,,,,,,,,,,,,,,,,,,,
10/10/21,Lord For The Years,"Lord, for the years your love has kept and guided",Mary,,,,,,,,,,,,,,,,,,,,,,,
10/10/21,In Heavenly Armour,In heavenly armour we'll enter the land,Mary,,,,,,,,,,,,,,,,,,,,,,,
10/10/21,What a Beautiful Name,You were the Word at the beginning,Mary,,,,,,,,,,,,,,,,,,,,,,,
10/10/21,My Lighthouse,In my wrestling and in my doubts,Mary,,,,,,,,,,,,,,,,,,,,,,,
17/10/21,Immortal Invisible,"Immortal, invisible,",Sue,,,,,,,,,,,,,,,,,,,,,,,
17/10/21,Blessed Be The Name of the Lord,"Blessed be Your name, in the land that is plentiful.",Sue,,,,,,,,,,,,,,,,,,,,,,,
17/10/21,There is None Like You,There is none like You,Sue,,,,,,,,,,,,,,,,,,,,,,,
17/10/21,Behold Our God,Who has held the oceans in His hands?,Sue,,,,,,,,,,,,,,,,,,,,,,,
17/10/21,Tell Out My Soul,"Tell out my soul, the greatness of the Lord!",Sue,,,,,,,,,,,,,,,,,,,,,,,
24/10/21,Cornerstone,My hope is built on nothing less,Mary,,,,,,,,,,,,,,,,,,,,,,,
24/10/21,By Faith,By faith we see the hand of God,Mary,,,,,,,,,,,,,,,,,,,,,,,
24/10/21,I Raise a Hallelujah,I raise a hallelujah in the presence of my enemies,Mary,,,,,,,,,,,,,,,,,,,,,,,
24/10/21,Great is Thy Faithfulness,"Great is Thy faithfulness, O God my Father",Mary,,,,,,,,,,,,,,,,,,,,,,,
24/10/21,Before The Throne,Before the throne of God above,Mary,,,,,,,,,,,,,,,,,,,,,,,
31/10/21,Rejoice!,Rejoice! Rejoice! Christ is in you.,Sue,,,,,,,,,,,,,,,,,,,,,,,
31/10/21,My Lighthouse,In my wrestling and in my doubts,Sue,,,,,,,,,,,,,,,,,,,,,,,
31/10/21,"Guide Me O, Thou Great Jehovah","Guide me O, Thou great Jehovah",Sue,,,,,,,,,,,,,,,,,,,,,,,
31/10/21,Joy of the Lord,"Though the tears may fall, my song will rise",Sue,,,,,,,,,,,,,,,,,,,,,,,
7/11/21,This is Amazing Grace,Who breaks the power of sin and darkness?,Mary,,,,,,,,,,,,,,,,,,,,,,,
7/11/21,All Who Are Thirsty,"All who are thirsty, All who are weak,",Mary,,,,,,,,,,,,,,,,,,,,,,,
7/11/21,Is He Worthy?,Do you feel the world is broken?,Mary,,,,,,,,,,,,,,,,,,,,,,,
7/11/21,The Lord’s My Shepherd,The Lord’s My Shepherd,Mary,,,,,,,,,,,,,,,,,,,,,,,
7/11/21,Yet Not I But Through Christ In Me,What gift of grace is Jesus my redeemer,Mary,,,,,,,,,,,,,,,,,,,,,,,
14/11/21,I Vow to Thee My Country,I vow to thee my country all earthly things above,Sue,,,,,,,,,,,,,,,,,,,,,,,
14/11/21,Living hope,How great the chasm that lay between us,Sue,,,,,,,,,,,,,,,,,,,,,,,
14/11/21,Great is the Lord,Great is the Lord and greatly to be praised,Sue,,,,,,,,,,,,,,,,,,,,,,,
14/11/21,Before The Throne,Before the throne of God above,Sue,,,,,,,,,,,,,,,,,,,,,,,
14/11/21,My Jesus,"My Jesus, my Saviour",Sue,,,,,,,,,,,,,,,,,,,,,,,
14/11/21,On Eagles Wings,You who dwell in the shelter of the Lord,Sue,,,,,,,,,,,,,,,,,,,,,,,
21/11/21,"Holy, holy, holy","Holy, holy, holy is the Lord Almighty",Mary,,,,,,,,,,,,,,,,,,,,,,,
21/11/21,The Splendour of the King,"The splendour of the King, clothed in majesty",Mary,,,,,,,,,,,,,,,,,,,,,,,
21/11/21,Goodness of God,"I love you Lord, oh Your mercy never fails me",Mary,,,,,,,,,,,,,,,,,,,,,,,
21/11/21,Speak O Lord,Speak O Lord as we come to You,Mary,,,,,,,,,,,,,,,,,,,,,,,
21/11/21,Build Your Kingdom Here,Come set Your rule and reign,Mary,,,,,,,,,,,,,,,,,,,,,,,
28/11/21,O Come O Come Immanuel,O Come O Come Immanuel,Sue,,,,,,,,,,,,,,,,,,,,,,,
28/11/21,Here I Am to Worship,Light of the world You stepped down into darkness,Sue,,,,,,,,,,,,,,,,,,,,,,,
28/11/21,The Lion and the Lamb,He's coming on the clouds,Sue,,,,,,,,,,,,,,,,,,,,,,,
28/11/21,O Church Arise,"O Church arise, and put your armour on;",Sue,,,,,,,,,,,,,,,,,,,,,,,
28/11/21,"10,000 Reasons","Bless the Lord, O my soul",CT,,,,,,,,,,,,,,,,,,,,,,,
28/11/21,Be Still,Be still for the presence of the Lord,CT,,,,,,,,,,,,,,,,,,,,,,,
28/11/21,Before The Throne,Before the throne of God above,CT,,,,,,,,,,,,,,,,,,,,,,,
28/11/21,Servant King,"From heaven you came, helpless babe",CT,,,,,,,,,,,,,,,,,,,,,,,
28/11/21,Great is the darkness,Great is the darkness that covers the earth,CT,,,,,,,,,,,,,,,,,,,,,,,
28/11/21,Immortal Invisible,"Immortal, invisible,",CT,,,,,,,,,,,,,,,,,,,,,,,
5/12/21,Make Way Make Way,"Make way, make way for Christ the King",Mary,,,,,,,,,,,,,,,,,,,,,,,
5/12/21,By Faith,By faith we see the hand of God,Mary,,,,,,,,,,,,,,,,,,,,,,,
5/12/21,Everlasting God,Strength will rise as we wait upon the Lord,Mary,,,,,,,,,,,,,,,,,,,,,,,
5/12/21,"Lord, You Have My Heart","Lord, You have my heart",Mary,,,,,,,,,,,,,,,,,,,,,,,
5/12/21,It Is Well With My Soul,It is well with my soul,Mary,,,,,,,,,,,,,,,,,,,,,,,
12/12/21,Joy To The World,Joy to the world!,Sue,,,,,,,,,,,,,,,,,,,,,,,
12/12/21,Be Happy,"I’m gonna jump up and down,",Sue,,,,,,,,,,,,,,,,,,,,,,,
12/12/21,Our God Reigns,How lovely on the mountains,Sue,,,,,,,,,,,,,,,,,,,,,,,
12/12/21,Give Thanks to the Lord,Give thanks to the Lord our God and King,Sue,,,,,,,,,,,,,,,,,,,,,,,
19/12/21,Joy To The World,Joy to the world!,Mary,,,,,,,,,,,,,,,,,,,,,,,
19/12/21,Away in a Manger,"Away in a manger, no crib for a bed",Mary,,,,,,,,,,,,,,,,,,,,,,,
19/12/21,Lift Up Your Voices,"Come on, come in, everybody",[Video],,,,,,,,,,,,,,,,,,,,,,,
19/12/21,The Calypso Carol,See him lying on a bed of straw,Mary,,,,,,,,,,,,,,,,,,,,,,,
19/12/21,Mary's Boy Child,Long time ago in Bethlehem,Mary,,,,,,,,,,,,,,,,,,,,,,,
19/12/21,O Little Town of Bethlehem,O little town of Bethlehem,Sue/Mary,1741697,public domain,,,,,,,,,,,,,,,,,,,,,
19/12/21,The Virgin Mary Had a Baby Boy,The Virgin Mary had a baby boy,Sue/Mary,4756091,public domain,,,,,,,,,,,,,,,,,,,,,
19/12/21,A Baby Was Born in Bethlehem,,Sue/Mary,TBC from Mary - not on CCLI,,,,,,,,,,,,,,,,,,,,,,
19/12/21,Hark The Herald Angels Sing,Hark the herald angels sing,Sue/Mary,27738,public domain,,,,,,,,,,,,,,,,,,,,,
19/12/21,God Rest Ye Merry Gentlemen,God rest ye merry gentlemen,Sue/Mary,39441,public domain,,,,,,,,,,,,,,,,,,,,,
19/12/21,O Come All Ye Faithful,"O come all ye faithful, joyful and triumphant.",Sue/Mary,4758525,public domain,,,,,,,,,,,,,,,,,,,,,
24/12/21,Come and join the celebration!,Come and join the celebration,Sue,"Words and music by Valerie Collison 
",,,,,,,,,,,,,,,,,,,,,,
24/12/21,My Lighthouse,In my wrestling and in my doubts,Sue,7002032,reported 17/1/22,,,,,,,,,,,,,,,,,,,,,
24/12/21,The Calypso Carol,See him lying on a bed of straw,Sue,626892,reported 17/1/22,,,,,,,,,,,,,,,,,,,,,
24/12/21,Away in a Manger,"Away in a manger, no crib for a bed",Sue,38583,public domain,,,,,,,,,,,,,,,,,,,,,
24/12/21,Hark The Herald Angels Sing,Hark the herald angels sing,Sue,27738,public domain,,,,,,,,,,,,,,,,,,,,,
24/12/21,Hark The Herald Angels Sing,Hark the herald angels sing,Mary,27738,public domain,,,,,,,,,,,,,,,,,,,,,
24/12/21,Angels from the Realms of Glory,Angels from the realms of glory,Mary,31669,public domain,,,,,,,,,,,,,,,,,,,,,
24/12/21,Silent Night,"Silent night, holy night.",Mary,27862,public domain,,,,,,,,,,,,,,,,,,,,,
24/12/21,O Come All Ye Faithful,"O come all ye faithful, joyful and triumphant.",Mary,4758525,public domain,,,,,,,,,,,,,,,,,,,,,
25/12/21,Once in Royal David's City,Once in Royal David's City,Sue,2787189,reported 17/1/22,,,,,,,,,,,,,,,,,,,,,
25/12/21,Silent Night,"Silent night, holy night.",Sue,27862,public domain,,,,,,,,,,,,,,,,,,,,,
25/12/21,O Come All Ye Faithful,"O come all ye faithful, joyful and triumphant.",Sue,4758525,public domain,,,,,,,,,,,,,,,,,,,,,
25/12/21,Hark The Herald Angels Sing,Hark the herald angels sing,Sue,27738,public domain,,,,,,,,,,,,,,,,,,,,,
26/12/21,Come and join the celebration!,Come and join the celebration,Sue,Words and music by Valerie Collison,,,,,,,,,,,,,,,,,,,,,,
26/12/21,Many Years Ago,"Many years ago, in a stable far away.",Mary,"Words by Pete Greystone and Ray Chering, 
to the tune of ‘Jingle Bells’ (music by James Pierpont)
",,,,,,,,,,,,,,,,,,,,,,
26/12/21,It Was On A Starry Night,It was on a starry night,Mary,643909,reported 17/1/22,,,,,,,,,,,,,,,,,,,,,
11/12/22,Christ be our light,"Longing for light, we wait in darkness",Sue,Bernadette Farrell C: 1993 OCP,?,,,,,,,,,,,,,,,,,,,,,
11/12/22,Lo He Comes With Clouds Descending,Lo He Comes With Clouds Descending,Sue,,reported 3/1/23,,,,,,,,,,,,,,,,,,,,,
11/12/22,O Church Arise,"O Church arise, and put your armour on",Sue,4611992,reported 3/1/23,,,,,,,,,,,,,,,,,,,,,
11/12/22,Our God reigns,How lovely on the mountains,Sue,8458,reported 3/1/23,,,,,,,,,,,,,,,,,,,,,
26/12/21,Go tell it on the mountain,Go tell it on the mountain,Mary,4629410,reported 17/1/22,,,,,,,,,,,,,,,,,,,,,
2/1/22,Behold Our God,Who has held the oceans in His hands?,Sue,5937510,reported 17/1/22,,,,,,,,,,,,,,,,,,,,,
2/1/22,Lord For The Years,"Lord, for the years your love has kept and guided",Sue,2419402,reported 17/1/22,,,,,,,,,,,,,,,,,,,,,
2/1/22,Our God is a Great Big God,Our God is a great big God,Sue,3373437,reported 17/1/22,,,,,,,,,,,,,,,,,,,,,
2/1/22,When The King Shall Come Again,When the King shall come again,Sue,1890352,reported 17/1/22,,,,,,,,,,,,,,,,,,,,,
9/1/22,Be Thou My Vision,"Be Thou my vision, O Lord of my heart",Mary,3142950,reported 18/1/22,,,,,,,,,,,,,,,,,,,,,
9/1/22,"Come, Now is the Time to Worship","Come, now is the time to worship",Mary,2430948,reported 18/1/22,,,,,,,,,,,,,,,,,,,,,
9/1/22,Cornerstone,My hope is built on nothing less,Mary,6158927,reported 18/1/22,,,,,,,,,,,,,,,,,,,,,
9/1/22,Holy Spirit,There's nothing worth more that will ever come close,Mary,6087919,reported 18/1/22,,,,,,,,,,,,,,,,,,,,,
9/1/22,Yet Not I But Through Christ In Me,What gift of grace is Jesus my redeemer,Mary,7121852,reported 18/1/22,,,,,,,,,,,,,,,,,,,,,
16/01/22,Be Free in the Love of God,Be free in the love of God,Sue,1101684,reported 18/1/22,,,,,,,,,,,,,,,,,,,,,
16/01/22,Forever,Give thanks to the Lord,Sue,3148428,reported 18/1/22,,,,,,,,,,,,,,,,,,,,,
16/01/22,Great Things,Come let us worship our King.,Sue,7111321,reported 18/1/22,,,,,,,,,,,,,,,,,,,,,
16/01/22,Hope of the Nations,Jesus hope of the nations,Sue,3540703,reported 18/1/22,,,,,,,,,,,,,,,,,,,,,
16/01/22,Rejoice,Rejoice rejoice,Sue,1338,reported 18/1/22,,,,,,,,,,,,,,,,,,,,,
23/01/22,All I Need Is You,Left my fear by the side of the road,Mary,4455213,reported 7/2/22,,,,,,,,,,,,,,,,,,,,,
23/01/22,Be the Centre,"Jesus, be the Centre",Mary,2650429,reported 7/2/22,,,,,,,,,,,,,,,,,,,,,
23/01/22,Blessed Be Your Name,Blessed be Your name,Mary,3798438,reported 7/2/22,,,,,,,,,,,,,,,,,,,,,
23/01/22,Every Move I Make,Every move I make I make in You,Mary,1595726,reported 7/2/22,,,,,,,,,,,,,,,,,,,,,
23/01/22,Holy Spirit,There's nothing worth more that will ever come close,Mary,6087919,reported 2/2/22,,,,,,,,,,,,,,,,,,,,,
23/01/22,I Stand Amazed,I stand amazed in the presence,Mary,25297,public domain,,,,,,,,,,,,,,,,,,,,,
30/01/22,Holy Spirit,Holy Spirit living Breath of God,Sue,4779872,reported 7/2/22,,,,,,,,,,,,,,,,,,,,,
30/01/22,In Christ Alone,In Christ alone my hope is found,Sue,3350395,reported 7/2/22,,,,,,,,,,,,,,,,,,,,,
30/01/22,Jesus Shall Take The Highest Honour,Jesus shall take the highest honour,Sue,451380,reported 7/2/22,,,,,,,,,,,,,,,,,,,,,
30/01/22,Lord Of The Church,"Lord of the church, we pray for our renewing:",Sue,4524302,reported 7/2/22,,,,,,,,,,,,,,,,,,,,,
30/01/22,Love Incarnate,Mary,Sue,3709829,reported 7/2/22,,,,,,,,,,,,,,,,,,,,,
6/2/22,Hope of the Nations,Jesus hope of the nations,Mary,3540703,reported 22/2/22,,,,,,,,,,,,,,,,,,,,,
6/2/22,Indescribable,From the highest of heights to the depths of the sea,Mary,4403076,reported 22/2/22,,,,,,,,,,,,,,,,,,,,,
6/2/22,My Lighthouse,In my wrestling and in my doubts,Mary,7002032,reported 22/2/22,,,,,,,,,,,,,,,,,,,,,
6/2/22,Our God,Water you turned into wine,Mary,5677416,reported 22/2/22,,,,,,,,,,,,,,,,,,,,,
13/02/22,Build Your Kingdom Here,Come set Your rule and reign,Sue,6186078,reported 22/2/22,,,,,,,,,,,,,,,,,,,,,
13/02/22,Hear The Call Of The Kingdom,"Hear the call of the Kingdom, lift your eyes to the King.",Sue,4930752,reported 22/2/22,,,,,,,,,,,,,,,,,,,,,
13/02/22,Lord Make Me A Mountain,"Lord, make me a mountain standing tall for You,",Sue,40258,reported 22/2/22,,,,,,,,,,,,,,,,,,,,,
13/02/22,Shine,Shine from the inside out,Sue,5186505,reported 22/2/22,,,,,,,,,,,,,,,,,,,,,
13/02/22,Turn Your Eyes Upon Jesus,Turn your eyes upon Jesus,Sue,15960,reported 22/2/22,,,,,,,,,,,,,,,,,,,,,
20/02/22,Great In Power,Praise Him you heavens,Mary,2582339,reported 22/2/22,,,,,,,,,,,,,,,,,,,,,
20/02/22,Is He Worthy?,Do you feel the world is broken?,Mary,7108951,reported 22/2/22,,,,,,,,,,,,,,,,,,,,,
20/02/22,The King Has Come,The King of love is my delight,Mary,2295729,reported 22/2/22,,,,,,,,,,,,,,,,,,,,,
20/02/22,When I Survey The Wondrous Cross,When I survey the wondrous cross,Mary,721333,public domain,,,,,,,,,,,,,,,,,,,,,
20/02/22,Yet Not I But Through Christ In Me,What gift of grace is Jesus my redeemer,Mary,7121852,reported 22/2/22,,,,,,,,,,,,,,,,,,,,,
27/02/22,Better Is One Day,How lovely is Your dwelling place,Sue,1097451,reported 7/3/22,,,,,,,,,,,,,,,,,,,,,
27/02/22,Great Is Thy Faithfulness,Great is Thy faithfulness,Sue,18723,reported 7/3/22,,,,,,,,,,,,,,,,,,,,,
27/02/22,Joy Of The Lord,Though the tears may fall my song will rise,Sue,7047091,reported 7/3/22,,,,,,,,,,,,,,,,,,,,,
27/02/22,Rest In My Love,Rest in My love relax in My care,Sue,377794,reported 7/3/22,,,,,,,,,,,,,,,,,,,,,
27/02/22,You Are Good,I want to scream it out,Sue,5191806,reported 7/3/22,,,,,,,,,,,,,,,,,,,,,
6/3/22,Amazing Grace,"Amazing grace, how sweet the sound",Mary,4768151,reported 7/3/22,,,,,,,,,,,,,,,,,,,,,
6/3/22,Lift Up Your Voices,"Come on, come in, everybody",Mary,"Words and Music by Awesome Cutlery, https://www.awesomecutlery.com/ 
Copyright © 2019 Dan Adams & Gareth Loh",,,,,,,,,,,,,,,,,,,,,,
6/3/22,This I Believe (The Creed),Our Father everlasting,Mary,7018338,reported 7/3/22,,,,,,,,,,,,,,,,,,,,,
13/03/22,Come People Of The Risen King,Come people of the Risen King,Mary,5232617,reported 17/3/22,,,,,,,,,,,,,,,,,,,,,
13/03/22,God of Justice,God of Justice Saviour to all,Mary,4447128,reported 17/3/22,,,,,,,,,,,,,,,,,,,,,
13/03/22,O Church Arise,"O Church arise, and put your armour on;",Mary,4611992,reported 17/3/22,,,,,,,,,,,,,,,,,,,,,
20/03/22,Every Move I Make,Every move I make I make in You,Mary,1595726,reported 28/3/22,,,,,,,,,,,,,,,,,,,,,
20/03/22,Holy Spirit,There's nothing worth more that will ever come close,Mary,6087919,reported 28/3/22,,,,,,,,,,,,,,,,,,,,,
20/03/22,How Great is Our God,"The splendour of the King, clothed in majesty",Mary,4348399,reported 28/3/22,,,,,,,,,,,,,,,,,,,,,
20/03/22,Love Incarnate,With a prayer you fed the hungry,Mary,3709829,reported 28/3/22,,,,,,,,,,,,,,,,,,,,,
20/03/22,Majesty,Here I am,Mary,4219071,reported 28/3/22,,,,,,,,,,,,,,,,,,,,,
27/03/22,As The Deer,As the deer pants for the water,Sue,1431,reported 28/3/22,,,,,,,,,,,,,,,,,,,,,
27/03/22,Here I Am to Worship,Light of the world You stepped down into darkness,Sue,3266032,reported 28/3/22,,,,,,,,,,,,,,,,,,,,,
27/03/22,King of the Ages,King of the ages,Sue,3707663,reported 28/3/22,,,,,,,,,,,,,,,,,,,,,
27/03/22,"Praise to the Lord, the Almighty","Praise to the Lord, the Almighty, the King of creation",Sue,43073,public domain,,,,,,,,,,,,,,,,,,,,,
27/03/22,The Servant King,From heav'n You came helpless babe,Sue,78897,reported 28/3/22,,,,,,,,,,,,,,,,,,,,,
3/4/22,Hallelujah,There was a man who walked on earth,Chris,"Words by Rhys Owens, Music by Leonard Cohen, 5516144",,,,,,,,,,,,,,,,,,,,,,
3/4/22,My Lighthouse,In my wrestling and in my doubts,Chris,7002032,reported 12/4/22,,,,,,,,,,,,,,,,,,,,,
3/4/22,Our God,Water you turned into wine,Chris,5677416,reported 12/4/22,,,,,,,,,,,,,,,,,,,,,
10/4/22,Christ Triumphant Ever Reigning,Christ triumphant ever reigning,Sue,647778,reported 12/4/22,,,,,,,,,,,,,,,,,,,,,
10/4/22,Hosanna (Praise Is Rising),Praise is rising,Sue,4662491,reported 12/4/22,,,,,,,,,,,,,,,,,,,,,
10/4/22,King Of Kings Majesty,King of kings majesty,Sue,1581778,reported 12/4/22,,,,,,,,,,,,,,,,,,,,,
10/4/22,Meekness and Majesty,Meekness and Majesty,Sue,1400,reported 12/4/22,,,,,,,,,,,,,,,,,,,,,
10/4/22,My Song Is Love Unknown,My song is love unknown,Sue,2399704,public domain,,,,,,,,,,,,,,,,,,,,,
15/04/22,Dear Lord And Father Of Mankind,Dear Lord and Father of mankind,Sue,4753678,public domain,,,,,,,,,,,,,,,,,,,,,
15/04/22,The Head That Once Was Crowned With Thorns,The head that once was crown'd with thorns,Sue,2688965,public domain,,,,,,,,,,,,,,,,,,,,,
15/04/22,The Power Of The Cross,Oh to see the dawn of the darkest day,Sue,4490766,reported 28/4/22,,,,,,,,,,,,,,,,,,,,,
15/04/22,When I Survey The Wondrous Cross,When I survey the wondrous cross,Sue,3296590,public domain,,,,,,,,,,,,,,,,,,,,,
17/04/22,Everlasting God,Strength will rise as we wait upon the Lord,Mary,4556538,reported 28/4/22,,,,,,,,,,,,,,,,,,,,,
17/04/22,Led Like A Lamb,Led like a lamb to the slaughter,Mary,202106,reported 28/4/22,,,,,,,,,,,,,,,,,,,,,
17/04/22,Lift Up Your Voices,"Come on, come in, everybody",Mary,"Words and Music by Awesome Cutlery, https://www.awesomecutlery.com/ 
Copyright © 2019 Dan Adams & Gareth Loh",,,,,,,,,,,,,,,,,,,,,,
17/04/22,O Praise The Name,I cast my mind to Calvary,Mary,7037787,reported 28/4/22,,,,,,,,,,,,,,,,,,,,,
17/04/22,Thine Be The Glory (Maccabaeus),Thine be the glory,Mary,4473013,reported 28/4/22,,,,,,,,,,,,,,,,,,,,,
24/04/22,Crown Him With Many Crowns,Crown Him with many crowns,Sue,23938,public domain,,,,,,,,,,,,,,,,,,,,,
24/04/22,Glory In The Highest,Glory in the highest,Sue,2148388,reported 28/4/22,,,,,,,,,,,,,,,,,,,,,
24/04/22,Living Hope,How great the chasm that lay between us,Sue,7106807,reported 28/4/22,,,,,,,,,,,,,,,,,,,,,
24/04/22,Lord I Lift Your Name On High,Lord I lift Your name on high,Sue,117947,reported 28/4/22,,,,,,,,,,,,,,,,,,,,,
24/04/22,Lord Reign In Me,Over all the earth,Sue,2490706,reported 28/4/22,,,,,,,,,,,,,,,,,,,,,
1/5/22,Fully God Fully Man,Fully God fully man,Mary,4763132,reported 13/5/22,,,,,,,,,,,,,,,,,,,,,
1/5/22,How Great is Our God,"The splendour of the King, clothed in majesty",Mary,4348399,reported 13/5/22,,,,,,,,,,,,,,,,,,,,,
1/5/22,Our God,Water you turned into wine,Mary,5677416,reported 13/5/22,,,,,,,,,,,,,,,,,,,,,
1/5/22,This Is Amazing Grace,Who breaks the power of sin and darkness,Mary,6333821,reported 13/5/22,,,,,,,,,,,,,,,,,,,,,
8/5/22,Amazing Grace,"Amazing grace, how sweet the sound",Mary,2762836,public domain,,,,,,,,,,,,,,,,,,,,,
8/5/22,Be Thou My Vision,"Be Thou my vision, O Lord of my heart",Mary,3142950,reported 13/5/22,,,,,,,,,,,,,,,,,,,,,
8/5/22,By Faith,By faith we see the hand of God,Mary,5469291,reported 13/5/22,,,,,,,,,,,,,,,,,,,,,
8/5/22,Come People Of The Risen King,Come people of the Risen King,Mary,5232617,reported 13/5/22,,,,,,,,,,,,,,,,,,,,,
8/5/22,Open The Eyes Of My Heart,Open the eyes of my heart Lord,Mary,2298355,reported 13/5/22,,,,,,,,,,,,,,,,,,,,,
15/05/22,Goodness Of God,I love you Lord,Chris,7117726,reported 24/5/22,,,,,,,,,,,,,,,,,,,,,
15/05/22,King Of Kings Majesty,King of kings majesty,Chris,1581778,reported 24/5/22,,,,,,,,,,,,,,,,,,,,,
15/05/22,Psalm 23,The Lord's my Shepherd I'll not want,Chris,1585970,reported 24/5/22,,,,,,,,,,,,,,,,,,,,,
15/05/22,The King Has Come,The King of love is my delight,Chris,2295729,reported 24/5/22,,,,,,,,,,,,,,,,,,,,,
22/05/22,Hear The Call Of The Kingdom,"Hear the call of the Kingdom, lift your eyes to the King.",Sue,4930752,reported 24/5/22,,,,,,,,,,,,,,,,,,,,,
22/05/22,Hope of the Nations,Jesus hope of the nations,Sue,3540703,reported 24/5/22,,,,,,,,,,,,,,,,,,,,,
22/05/22,In Christ Alone,In Christ alone my hope is found,Sue,3350395,reported 24/5/22,,,,,,,,,,,,,,,,,,,,,
22/05/22,This I Believe (The Creed),Our Father everlasting,Sue,7018338,reported 24/5/22,,,,,,,,,,,,,,,,,,,,,
29/05/22,Across The Lands,You're the Word of God the Father,Mary,3709898,reported 9/6/22,,,,,,,,,,,,,,,,,,,,,
29/05/22,All Who Are Thirsty,"All who are thirsty, All who are weak",Mary,2489542,reported 9/6/22,,,,,,,,,,,,,,,,,,,,,
29/05/22,He Will Hold Me Fast,When I fear my faith will fail,Mary,7016161,reported 9/6/22,,,,,,,,,,,,,,,,,,,,,
29/05/22,Hosanna (Praise Is Rising),Praise is rising,Mary,4662491,reported 9/6/22,,,,,,,,,,,,,,,,,,,,,
29/05/22,I Heard The Voice Of Jesus Say,I heard the voice of Jesus say,Mary,7125864,reported 9/6/22,,,,,,,,,,,,,,,,,,,,,
29/05/22,Who You Say I Am,Who am I that the highest King,Mary,7102401,reported 9/6/22,,,,,,,,,,,,,,,,,,,,,
5/6/22,Build Your Kingdom Here,Come set Your rule and reign,Joan,6186078,reported 9/6/22,,,,,,,,,,,,,,,,,,,,,
5/6/22,Everlasting God,Strength will rise as we wait upon the Lord,Joan,4556538,reported 9/6/22,,,,,,,,,,,,,,,,,,,,,
5/6/22,Every Move I Make,Every move I make I make in You,Joan,1595726,reported 9/6/22,,,,,,,,,,,,,,,,,,,,,
5/6/22,Hallelujah,There was a man who walked on earth,Joan,"Words by Rhys Owens, Music by Leonard Cohen, 5516144",reported 9/6/22,,,,,,,,,,,,,,,,,,,,,
12/6/22,Awesome God,When He rolls up His sleeves,Mary,41099,reported 21/6/22,,,,,,,,,,,,,,,,,,,,,
12/6/22,Indescribable,From the highest of heights to the depths of the sea,Mary,4403076,reported 21/6/22,,,,,,,,,,,,,,,,,,,,,
12/6/22,The River,To the river I am going,Mary,4316864,reported 21/6/22,,,,,,,,,,,,,,,,,,,,,
12/6/22,There Is A Higher Throne,There is a higher throne,Mary,3994672,reported 21/6/22,,,,,,,,,,,,,,,,,,,,,
19/06/22,He Will Hold Me Fast,When I fear my faith will fail,Sue,7016161,reported 21/6/22,,,,,,,,,,,,,,,,,,,,,
19/06/22,I Choose To Worship,I choose to worship I choose to bow,Sue,7145862,reported 21/6/22,,,,,,,,,,,,,,,,,,,,,
19/06/22,Mighty to Save,Ev’ryone needs compassion,Sue,4591782,reported 21/6/22,,,,,,,,,,,,,,,,,,,,,
19/06/22,My Lighthouse,In my wrestling and in my doubts,Sue,7002032,reported 21/6/22,,,,,,,,,,,,,,,,,,,,,
19/06/22,You Never Let Go,Even though I walk through the valley,Sue,4674166,reported 21/6/22,,,,,,,,,,,,,,,,,,,,,
26/06/22,"Come, Now is the Time to Worship","Come, now is the time to worship",Mary,2430948,reported 11/7/22,,,,,,,,,,,,,,,,,,,,,
26/06/22,I Stand Amazed,I stand amazed in the presence,Mary,25297,public domain,,,,,,,,,,,,,,,,,,,,,
26/06/22,Living Hope,How great the chasm that lay between us,Mary,7106807,reported 11/7/22,,,,,,,,,,,,,,,,,,,,,
26/06/22,Salvation's Song,Loved before the dawn of time,Mary,5109630,reported 11/7/22,,,,,,,,,,,,,,,,,,,,,
26/06/22,Yet Not I But Through Christ In Me,What gift of grace is Jesus my redeemer,Mary,7121852,reported 11/7/22,,,,,,,,,,,,,,,,,,,,,
3/7/22,Hope of the Nations,Jesus hope of the nations,Joan,3540703,reported 11/7/22,,,,,,,,,,,,,,,,,,,,,
3/7/22,In Christ Alone,In Christ alone my hope is found,Joan,3350395,reported 11/7/22,,,,,,,,,,,,,,,,,,,,,
3/7/22,Shout to the Lord,My Jesus my Saviour,Joan,1406918,reported 11/7/22,,,,,,,,,,,,,,,,,,,,,
3/7/22,This I Believe (The Creed),Our Father everlasting,Joan,7018338,reported 11/7/22,,,,,,,,,,,,,,,,,,,,,
10/7/22,Cornerstone,My hope is built on nothing less,Joan,6158927,reported 11/7/22,,,,,,,,,,,,,,,,,,,,,
10/7/22,In Christ Alone,In Christ alone my hope is found,Joan,3350395,reported 11/7/22,,,,,,,,,,,,,,,,,,,,,
10/7/22,Speak O Lord,Speak O Lord as we come to You,Joan,4615235,reported 11/7/22,,,,,,,,,,,,,,,,,,,,,
10/7/22,This is Amazing Grace,Who breaks the power of sin and darkness,Joan,6333821,reported 11/7/22,,,,,,,,,,,,,,,,,,,,,
17/07/22,"10,000 Reasons","Bless the Lord, O my soul",Sue,6016351,reported 20/7/22,,,,,,,,,,,,,,,,,,,,,
17/07/22,Amazing Grace,"Amazing grace, how sweet the sound",Sue,2762836,public domain,,,,,,,,,,,,,,,,,,,,,
17/07/22,Great Is Thy Faithfulness,Great is Thy faithfulness,Sue,18723,reported 20/7/22,,,,,,,,,,,,,,,,,,,,,
17/07/22,Speak O Lord,Speak O Lord as we come to You,Sue,4615235,reported 20/7/22,,,,,,,,,,,,,,,,,,,,,
17/07/22,You Are Good,I want to scream it out,Sue,5191806,reported 20/7/22,,,,,,,,,,,,,,,,,,,,,
24/07/22,And Can It Be,And can it be that I should gain,Sue,25280,public domain,,,,,,,,,,,,,,,,,,,,,
24/07/22,Apostle's Creed,I believe in God the Father,Sue,4001650,reported 13/8/22,,,,,,,,,,,,,,,,,,,,,
24/07/22,Great In Power,Praise Him you heavens,Sue,2582339,reported 13/8/22,,,,,,,,,,,,,,,,,,,,,
24/07/22,Mercy,I will kneel in the dust at the foot of the cross,Sue,7000689,reported 13/8/22,,,,,,,,,,,,,,,,,,,,,
24/07/22,Praise To The Lord The Almighty (Lobe den Herren),Praise to the Lord the Almighty,Sue,43073,public domain,,,,,,,,,,,,,,,,,,,,,
31/07/22,By Faith,By faith we see the hand of God,Mary,5469291,reported 13/8/22,,,,,,,,,,,,,,,,,,,,,
31/07/22,Goodness Of God,I love you Lord,Mary,7117726,reported 13/8/22,,,,,,,,,,,,,,,,,,,,,
31/07/22,Lift Up Your Voices,"Come on, come in, everybody",Mary,"Words and Music by Awesome Cutlery, https://www.awesomecutlery.com/ 
Copyright © 2019 Dan Adams & Gareth Loh",,,,,,,,,,,,,,,,,,,,,,
31/07/22,Salvation's Song,Loved before the dawn of time,Mary,5109630,reported 13/8/22,,,,,,,,,,,,,,,,,,,,,
31/07/22,Who You Say I Am,Who am I that the highest King,Mary,7102401,reported 13/8/22,,,,,,,,,,,,,,,,,,,,,
7/8/22,Build Your Kingdom Here,Come set Your rule and reign,Mary,6186078,reported 13/8/22,,,,,,,,,,,,,,,,,,,,,
7/8/22,Cornerstone,My hope is built on nothing less,Mary,6158927,reported 13/8/22,,,,,,,,,,,,,,,,,,,,,
7/8/22,Everlasting God,Strength will rise as we wait upon the Lord,Mary,4556538,reported 13/8/22,,,,,,,,,,,,,,,,,,,,,
7/8/22,Give Me Oil In My Lamp,Give me oil in my lamp keep me burning,Mary,4755580,public domain,,,,,,,,,,,,,,,,,,,,,
7/8/22,Way Maker,You are here moving in our midst,Mary,7115744,reported 13/8/22,,,,,,,,,,,,,,,,,,,,,
14/08/22,Forever,Give thanks to the Lord,Sue,3148428,reported 13/8/22,,,,,,,,,,,,,,,,,,,,,
14/08/22,One Way,I lay my life down at Your feet,Sue,4222082,reported 13/8/22,,,,,,,,,,,,,,,,,,,,,
14/08/22,Our God,Water you turned into wine,Sue,5677416,reported 13/8/22,,,,,,,,,,,,,,,,,,,,,
21/08/22,"10,000 reasons","Bless the Lord, O my soul",Mary,6016351,reported 12/9/22,,,,,,,,,,,,,,,,,,,,,
21/08/22,All Through History,Noah built the most enormous boat,Mary,5100206,reported 12/9/22,,,,,,,,,,,,,,,,,,,,,
21/08/22,Faithful one,Faithful one so unchanging,Mary,465840,reported 12/9/22,,,,,,,,,,,,,,,,,,,,,
21/08/22,Great are you Lord,"You give life, you are love",Mary,6460220,reported 12/9/22,,,,,,,,,,,,,,,,,,,,,
21/08/22,I Speak Jesus,I just want to speak the Name of Jesus,Mary,7136201,reported 12/9/22,,,,,,,,,,,,,,,,,,,,,
21/08/22,King Of Kings Majesty,King of kings majesty,Mary,1581778,reported 12/9/22,,,,,,,,,,,,,,,,,,,,,
28/08/22,All Through History,Noah built the most enormous boat,Joan,5100206,reported 12/9/22,,,,,,,,,,,,,,,,,,,,,
28/08/22,Everlasting God,Strength will rise as we wait upon the Lord,Joan,4556538,reported 12/9/22,,,,,,,,,,,,,,,,,,,,,
28/08/22,How Deep The Father's Love For Us,How deep the Father's love for us,Joan,1558110,reported 12/9/22,,,,,,,,,,,,,,,,,,,,,
28/08/22,Lord Reign In Me,Over all the earth,Joan,2490706,reported 12/9/22,,,,,,,,,,,,,,,,,,,,,
28/08/22,O Church Arise,"O Church arise, and put your armour on;",Joan,4611992,reported 12/9/22,,,,,,,,,,,,,,,,,,,,,
4/9/22,King of the Ages,King of the ages,Joan,3707663,reported 12/9/22,,,,,,,,,,,,,,,,,,,,,
4/9/22,My Lighthouse,In my wrestling and in my doubts,Joan,7002032,reported 12/9/22,,,,,,,,,,,,,,,,,,,,,
4/9/22,Our God is a Great Big God,Our God is a great big God,Joan,3373437,reported 12/9/22,,,,,,,,,,,,,,,,,,,,,
4/9/22,Sing To God New Songs,Sing to God new songs of worship,Joan,2874463,reported 12/9/22,,,,,,,,,,,,,,,,,,,,,
11/9/22,Alleluia Sing To Jesus,Alleluia sing to Jesus,Mary,3255892,reported 12/9/22,,,,,,,,,,,,,,,,,,,,,
11/9/22,"Come, Now is the Time to Worship","Come, now is the time to worship",Mary,2430948,reported 12/9/22,,,,,,,,,,,,,,,,,,,,,
11/9/22,Great Is Thy Faithfulness,Great is Thy faithfulness,Mary,18723,reported 12/9/22,,,,,,,,,,,,,,,,,,,,,
11/9/22,I Speak Jesus,I just want to speak the Name of Jesus,Mary,7136201,reported 12/9/22,,,,,,,,,,,,,,,,,,,,,
11/9/22,Is He Worthy?,Do you feel the world is broken?,Mary,7108951,reported 12/9/22,,,,,,,,,,,,,,,,,,,,,
11/9/22,The Servant King,From heav'n You came helpless babe,Mary,78897,reported 12/9/22,,,,,,,,,,,,,,,,,,,,,
16/09/22,"Immortal, invisible, God only wise","Immortal, invisible, God only wise",Recording,124466,public domain,,,,,,,,,,,,,,,,,,,,,
16/09/22,"Praise to the Lord, the Almighty","Praise to the Lord, the Almighty",Recording,43073,public domain,,,,,,,,,,,,,,,,,,,,,
18/09/22,All Creatures Of Our God And King,All creatures of our God and King,Mary,2846264,public domain,,,,,,,,,,,,,,,,,,,,,
18/09/22,Be Thou My Vision,"Be Thou my vision, O Lord of my heart",Mary,3142950,reported 21/9/22,,,,,,,,,,,,,,,,,,,,,
18/09/22,Before The Throne Of God,Before the throne of God above,Mary,990391,public domain,,,,,,,,,,,,,,,,,,,,,
18/09/22,Cornerstone,My hope is built on nothing less,Mary,6158927,reported 21/9/22,,,,,,,,,,,,,,,,,,,,,
18/09/22,Faithful one,Faithful one so unchanging,Mary,465840,reported 21/9/22,,,,,,,,,,,,,,,,,,,,,
18/09/22,Holy Holy Holy,Holy holy holy Lord God Almighty,Mary,1156,public domain,,,,,,,,,,,,,,,,,,,,,
18/09/22,I Choose To Worship,I choose to worship I choose to bow,Mary,7145862,reported 21/9/22,,,,,,,,,,,,,,,,,,,,,
18/09/22,Indescribable,From the highest of heights to the depths of the sea,Mary,4403076,reported 21/9/22,,,,,,,,,,,,,,,,,,,,,
18/09/22,Psalm 23,The Lord's my Shepherd I'll not want,Mary,1585970,reported 21/9/22,,,,,,,,,,,,,,,,,,,,,
18/09/22,There Is A Higher Throne,There is a higher throne,Mary,3994672,reported 21/9/22,,,,,,,,,,,,,,,,,,,,,
18/09/22,Turn Your Eyes Upon Jesus,O soul are you weary and troubled,Mary,15960,reported 21/9/22,,,,,,,,,,,,,,,,,,,,,
2/10/22,All Creatures Of Our God And King,All creatures of our God and King,Mary,2846264,public domain,,,,,,,,,,,,,,,,,,,,,
2/10/22,Build Your Kingdom Here,Come set Your rule and reign,Mary,6186078,reported 11/10/22,,,,,,,,,,,,,,,,,,,,,
2/10/22,Harvest Samba,"Cabbages and greens, Broccoli and beans",Mary,3916935,reported 11/10/22,,,,,,,,,,,,,,,,,,,,,
2/10/22,Praise My Soul The King Of Heaven,Praise my soul the King of heaven,Mary,800443,public domain,,,,,,,,,,,,,,,,,,,,,
9/10/22,Come People Of The Risen King,Come people of the Risen King,Mary,5232617,reported 11/10/22,,,,,,,,,,,,,,,,,,,,,
9/10/22,How Great is Our God,"The splendour of the King, clothed in majesty",Mary,4348399,reported 11/10/22,,,,,,,,,,,,,,,,,,,,,
9/10/22,King Of Kings Majesty,King of kings majesty,Mary,1581778,reported 11/10/22,,,,,,,,,,,,,,,,,,,,,
9/10/22,Speak O Lord,Speak O Lord as we come to You,Mary,4615235,reported 11/10/22,,,,,,,,,,,,,,,,,,,,,
9/10/22,Yet Not I But Through Christ In Me,What gift of grace is Jesus my redeemer,Mary,7121852,reported 11/10/22,,,,,,,,,,,,,,,,,,,,,
16/10/22,By faith,By faith we see the hand of God,Andy,5469291,reported 9/11/22,,,,,,,,,,,,,,,,,,,,,
16/10/22,Dear lord and father of mankind,Dear lord and father of mankind,Andy,4753678,public domain,,,,,,,,,,,,,,,,,,,,,
16/10/22,O Praise the name (Anastasis),I cast my mind to calvary,Andy,7037787,reported 9/11/22,,,,,,,,,,,,,,,,,,,,,
16/10/22,Salvation's song,Loved before the dawn of time,Andy,5109630,reported 9/11/22,,,,,,,,,,,,,,,,,,,,,
16/10/22,The river,To the river I am going,Andy,4316864,reported 9/11/22,,,,,,,,,,,,,,,,,,,,,
23/10/22,Across The Lands,You're the Word of God the Father,Mary,3709898,reported 9/11/22,,,,,,,,,,,,,,,,,,,,,
23/10/22,Be Thou My Vision,"Be Thou my vision, O Lord of my heart",Mary,3142950,reported 9/11/22,,,,,,,,,,,,,,,,,,,,,
23/10/22,Goodness Of God,I love you Lord,Mary,7117726,reported 9/11/22,,,,,,,,,,,,,,,,,,,,,
23/10/22,In Christ Alone,In Christ alone my hope is found,Mary,3350395,reported 9/11/22,,,,,,,,,,,,,,,,,,,,,
23/10/22,O Church Arise,"O Church arise, and put your armour on;",Mary,4611992,reported 9/11/22,,,,,,,,,,,,,,,,,,,,,
30/10/22,Across The Lands,You're the Word of God the Father,Sue,3709898,reported 9/11/22,,,,,,,,,,,,,,,,,,,,,
30/10/22,Alleluia Sing To Jesus,Alleluia sing to Jesus,Sue,3255892,reported 9/11/22,,,,,,,,,,,,,,,,,,,,,
30/10/22,Build Your Kingdom Here,Come set Your rule and reign,Sue,6186078,reported 9/11/22,,,,,,,,,,,,,,,,,,,,,
30/10/22,Holy Spirit,Holy Spirit living Breath of God,Sue,4779872,reported 9/11/22,,,,,,,,,,,,,,,,,,,,,
6/11/22,Here I Am to Worship,Light of the world You stepped down into darkness,Mary,3266032,reported 11/11/22,,,,,,,,,,,,,,,,,,,,,
6/11/22,My Lighthouse,In my wrestling and in my doubts,Mary,7002032,reported 11/11/22,,,,,,,,,,,,,,,,,,,,,
6/11/22,Walk in the light,The Spirit Lives To Set Us Free,Mary,4806051,reported 11/11/22,,,,,,,,,,,,,,,,,,,,,
6/11/22,Who You Say I Am,Who am I that the highest King,Mary,7102401,reported 11/11/22,,,,,,,,,,,,,,,,,,,,,
13/11/22,Behold Our God,Who has held the oceans in His hands?,Sue,5937510,reported 21/11/22,,,,,,,,,,,,,,,,,,,,,
13/11/22,God Is Our Strength And Refuge,God is our strength and refuge,Sue,2607575,reported 21/11/22,,,,,,,,,,,,,,,,,,,,,
13/11/22,Great Is The Lord,Great is the Lord and most worthy of praise,Sue,10769,reported 21/11/22,,,,,,,,,,,,,,,,,,,,,
13/11/22,Remembrance Hymn,O Lord we look upon the past,Sue,7120048,reported 21/11/22,,,,,,,,,,,,,,,,,,,,,
20/11/22,Cornerstone,My hope is built on nothing less,Sue,6158927,reported 21/11/22,,,,,,,,,,,,,,,,,,,,,
20/11/22,Hope of the Nations,Jesus hope of the nations,Sue,3540703,reported 21/11/22,,,,,,,,,,,,,,,,,,,,,
20/11/22,Hosanna (Praise Is Rising),Praise is rising,Sue,4662491,reported 21/11/22,,,,,,,,,,,,,,,,,,,,,
20/11/22,I Give You My Heart,This is my desire,Sue,1866132,reported 21/11/22,,,,,,,,,,,,,,,,,,,,,
20/11/22,King of the Ages,King of the ages,Sue,3707663,reported 21/11/22,,,,,,,,,,,,,,,,,,,,,
27/11/22,Across The Lands,You're the Word of God the Father,Mary,3709898,reported 29/11/22,,,,,,,,,,,,,,,,,,,,,
27/11/22,I Stand Amazed,I stand amazed in the presence,Mary,25297,public domain,,,,,,,,,,,,,,,,,,,,,
27/11/22,"O Come O Come Emmanuel 
(Veni Emmanuel)",O come O come Emmanuel,Mary,31982,public domain,,,,,,,,,,,,,,,,,,,,,
27/11/22,Praise My Soul The King Of Heaven,Praise my soul the King of heaven,Mary,800443,public domain,,,,,,,,,,,,,,,,,,,,,
27/11/22,Refiner's Fire,Purify my heart,Mary,426298,reported 29/11/22,,,,,,,,,,,,,,,,,,,,,
27/11/22,The Lion And The Lamb,He's coming on the clouds,Mary,7038281,reported 29/11/22,,,,,,,,,,,,,,,,,,,,,
18/12/22,Do not be afraid,,Sue,Copyright 2000 Kevin Mayhew,,,,,,,,,,,,,,,,,,,,,,
18/12/22,Hark the herald angels sing,Hark the herald angels sing,Sue,27738,public domain,,,,,,,,,,,,,,,,,,,,,
18/12/22,In the bleak midwinter,In the bleak midwinter,Mary,294736,public domain,,,,,,,,,,,,,,,,,,,,,
18/12/22,Joy to the world,Joy to the world the Lord is come,Mary,24016,public domain,,,,,,,,,,,,,,,,,,,,,
18/12/22,O come all ye faithful,O come all ye faithful,Mary,31054,public domain,,,,,,,,,,,,,,,,,,,,,
18/12/22,O come all ye faithful,O come all ye faithful,Sue,31054,public domain,,,,,,,,,,,,,,,,,,,,,
18/12/22,O Holy Night,O Holy Night the stars are brightly shining,Sue,32015,public domain,,,,,,,,,,,,,,,,,,,,,
18/12/22,O Little Town of Bethlehem,O Little Town of Bethlehem,Sue,2312176,public domain,,,,,,,,,,,,,,,,,,,,,
18/12/22,Once in Royal David's City,Once in Royal David's City,Sue,197156,public domain,,,,,,,,,,,,,,,,,,,,,
18/12/22,Silent Night,Silent Night Holy Night,Mary,27862,public domain,,,,,,,,,,,,,,,,,,,,,
18/12/22,Suddenly a light,Suddenly a light,Sue,5081026,reported 3/1/23,,,,,,,,,,,,,,,,,,,,,
18/12/22,The Calypso Carol,See him lying on a bed of straw,Mary,626892,reported 3/1/23,,,,,,,,,,,,,,,,,,,,,
18/12/22,The Calypso Carol,See him lying on a bed of straw,Sue,626892,reported 3/1/23,,,,,,,,,,,,,,,,,,,,,
18/12/22,We three kings,We three Kings of Orient are,Mary,38002,public domain,,,,,,,,,,,,,,,,,,,,,
24/12/22,Away in a manger,Away in a manger,Sue,38583,public domain,,,,,,,,,,,,,,,,,,,,,
24/12/22,Come and join the celebration,Come and join the celebration,Sue,By Valerie Collison c 1972,?,,,,,,,,,,,,,,,,,,,,,
24/12/22,Hark the herald,Hark the herald angels sing,Sue,27738,public domain,,,,,,,,,,,,,,,,,,,,,
24/12/22,Joy to the world,Joy to the world the Lord is come,Sue,24016,public domain,,,,,,,,,,,,,,,,,,,,,
24/12/22,Many years ago (to tune of Jingle Bells),Many years ago in a stable far away,Sue,Words by Rev Barry Shipley,,,,,,,,,,,,,,,,,,,,,,
24/12/22,The Calypso Carol,See him lying on a bed of straw,Sue,626892,reported 3/1/23,,,,,,,,,,,,,,,,,,,,,
25/12/22,Hark the herald,Hark the herald angels sing,Joan,27738,public domain,,,,,,,,,,,,,,,,,,,,,
25/12/22,Many years ago (to tune of Jingle Bells),Many years ago in a stable far away,Joan,Words by Rev Barry Shipley,,,,,,,,,,,,,,,,,,,,,,
25/12/22,O come all ye faithful,O come all ye faithful,Joan,31054,public domain,,,,,,,,,,,,,,,,,,,,,
25/12/22,Silent Night,Silent night holy night,Joan,27862,public domain,,,,,,,,,,,,,,,,,,,,,
1/1/23,Angels from the realms of glory,Angels from the realms of glory,Sue,2402828,public domain,,,,,,,,,,,,,,,,,,,,,
1/1/23,Come and join the celebration,Come and join the celebration,Sue,By Valerie Collison c 1972,?,,,,,,,,,,,,,,,,,,,,,
1/1/23,Holy Child (Fairmile),"Holy Child, how still you lie",Sue,4755748,reported 27/1/23,,,,,,,,,,,,,,,,,,,,,
1/1/23,The virgin Mary had a baby boy,The virgin Mary had a baby boy,Sue,5743993,reported 27/1/23,,,,,,,,,,,,,,,,,,,,,
6/1/23,Joy to the world,Joy to the world the Lord is come,Sue,24016,public domain,,,,,,,,,,,,,,,,,,,,,
6/1/23,Lord for the years,Lord for the years your love has kept and guided,Sue,3274952,reported 24/2/23,,,,,,,,,,,,,,,,,,,,,
6/1/23,Thine be the glory,Thine be the glory risen conquering son,Sue,21837,public domain,,,,,,,,,,,,,,,,,,,,,
8/1/23,King of the Ages,King of the ages,Sue,3707663,reported 16/1/23,,,,,,,,,,,,,,,,,,,,,
8/1/23,Love Divine,Love divine all loves excelling,Sue,1038991,reported 16/1/23,,,,,,,,,,,,,,,,,,,,,
8/1/23,Open The Eyes Of My Heart,Open the eyes of my heart Lord,Sue,2298355,reported 16/1/23,,,,,,,,,,,,,,,,,,,,,
8/1/23,There Is A Redeemer,There is a Redeemer Jesus God's own Son,Sue,11483,reported 16/1/23,,,,,,,,,,,,,,,,,,,,,
15/01/23,Christ Our Hope In Life And Death,Christ our hope in life and death,Mary,7147502,reported 16/1/23,,,,,,,,,,,,,,,,,,,,,
15/01/23,"Come, Now is the Time to Worship","Come, now is the time to worship",Mary,2430948,reported 16/1/23,,,,,,,,,,,,,,,,,,,,,
15/01/23,Great are you Lord,"You give life, you are love",Mary,6460220,reported 16/1/23,,,,,,,,,,,,,,,,,,,,,
15/01/23,Holy Spirit,Holy Spirit living Breath of God,Mary,4779872,reported 16/1/23,,,,,,,,,,,,,,,,,,,,,
15/01/23,Is He Worthy?,Do you feel the world is broken?,Mary,7108951,reported 16/1/23,,,,,,,,,,,,,,,,,,,,,
15/01/23,O Praise the name (Anastasis),I cast my mind to calvary,Mary,7037787,reported 16/1/23,,,,,,,,,,,,,,,,,,,,,
21/01/23,Abide with me,"Abide with me, fast falls the eventide",Sue,43190,public domain,,,,,,,,,,,,,,,,,,,,,
21/01/23,Great is thy faithfulness,"Great is thy faithfulness, O God my Father",Sue,18723,reported 24/2/23,,,,,,,,,,,,,,,,,,,,,
21/01/23,Psalm 23,The Lord's my Shepherd I'll not want,Sue,1585970,reported 24/2/23,,,,,,,,,,,,,,,,,,,,,
22/01/23,Christ Our Hope In Life And Death,Christ our hope in life and death,Sue,7147502,reported 27/1/23,,,,,,,,,,,,,,,,,,,,,
22/01/23,He Will Hold Me Fast,When I fear my faith will fail,Sue,7016161,reported 27/1/23,,,,,,,,,,,,,,,,,,,,,
22/01/23,I Will Sing The Wondrous Story,I will sing the wondrous story,Sue,2645726,reported 27/1/23,,,,,,,,,,,,,,,,,,,,,
22/01/23,Psalm 23,The Lord's my Shepherd I'll not want,Sue,1585970,reported 27/1/23,,,,,,,,,,,,,,,,,,,,,
22/01/23,You Never Let Go,Even though I walk through the valley,Sue,4674166,reported 27/1/23,,,,,,,,,,,,,,,,,,,,,
24/01/23,In christ alone,In christ alone my hope is found,Sue,3350395,reported 27/1/23,,,,,,,,,,,,,,,,,,,,,
24/01/23,O love that will not let me go,O love that will not let me go,Sue,40502,public domain,,,,,,,,,,,,,,,,,,,,,
24/01/23,Psalm 23,The lord's my Shepherd I'll not want,Sue,1585970,reported 27/1/23,,,,,,,,,,,,,,,,,,,,,
24/01/23,The King of love my shepherd is,The King of love my shepherd is,Sue,40681,public domain,,,,,,,,,,,,,,,,,,,,,
29/01/23,At The Name Of Jesus (Camberwell),At the name of Jesus,Sue,38947,reported 2/2/23,,,,,,,,,,,,,,,,,,,,,
29/01/23,Beautiful Saviour,All my days I will sing this song of gladness,Sue,2492216,reported 2/2/23,,,,,,,,,,,,,,,,,,,,,
29/01/23,In Christ Alone,In Christ alone my hope is found,Sue,3350395,reported 2/2/23,,,,,,,,,,,,,,,,,,,,,
29/01/23,Jesus Shall Take The Highest Honour,Jesus shall take the highest honour,Sue,451380,reported 2/2/23,,,,,,,,,,,,,,,,,,,,,
29/01/23,This I Believe (The Creed),Our Father everlasting,Sue,7018338,reported 2/2/23,,,,,,,,,,,,,,,,,,,,,
5/2/23,Hosanna (Praise Is Rising),Praise is rising,Sue,4662491,reported 23/2/23,,,,,,,,,,,,,,,,,,,,,
5/2/23,How Deep The Father's Love For Us,How deep the Father's love for us,Sue,1558110,reported 23/2/23,,,,,,,,,,,,,,,,,,,,,
5/2/23,Wide,Wide and long and high and deep,Sue,2537250,reported 23/2/23,,,,,,,,,,,,,,,,,,,,,
5/2/23,Witness All Over The World,God is love and we are his so here we go,One Way UK,To the tune of Rockin All Over the World by Status Quo,,,,,,,,,,,,,,,,,,,,,,
12/2/23,Beautiful Saviour,All my days I will sing this song of gladness,You Tube,2492216,reported 23/2/23,,,,,,,,,,,,,,,,,,,,,
12/2/23,Psalm 23,The Lord's my Shepherd I'll not want,You Tube,1585970,reported 23/2/23,,,,,,,,,,,,,,,,,,,,,
12/2/23,There Is A Higher Throne,There is a higher throne,You Tube,3994672,reported 23/2/23,,,,,,,,,,,,,,,,,,,,,
12/2/23,Thine Be The Glory (Maccabaeus),Thine be the glory,You Tube,4473013,reported 23/2/23,,,,,,,,,,,,,,,,,,,,,
12/2/23,Yet Not I But Through Christ In Me,What gift of grace is Jesus my redeemer,You Tube,7121852,reported 23/2/23,,,,,,,,,,,,,,,,,,,,,
19/02/23,All The Glory,My heart is full of admiration,Sue,729555,reported 23/2/23,,,,,,,,,,,,,,,,,,,,,
19/02/23,Behold Our God,Who has held the oceans in His hands?,Sue,5937510,reported 23/2/23,,,,,,,,,,,,,,,,,,,,,
19/02/23,Everlasting God,Strength will rise as we wait upon the Lord,Sue,4556538,reported 23/2/23,,,,,,,,,,,,,,,,,,,,,
19/02/23,I Cannot Tell,I cannot tell why He whom angels worship,Sue,110119,reported 23/2/23,,,,,,,,,,,,,,,,,,,,,
19/02/23,Our God,Water you turned into wine,Sue,5677416,reported 23/2/23,,,,,,,,,,,,,,,,,,,,,
26/02/23,And Can It Be,And can it be that I should gain,Ben,25280,public domain,,,,,,,,,,,,,,,,,,,,,
26/02/23,King Of Kings Majesty,King of kings majesty,Ben,1581778,reported 9/3/23,,,,,,,,,,,,,,,,,,,,,
26/02/23,Shout to the Lord,My Jesus my Saviour,Ben,1406918,reported 9/3/23,,,,,,,,,,,,,,,,,,,,,
26/02/23,The Servant King,From heav'n You came helpless babe,Ben,78897,reported 9/3/23,,,,,,,,,,,,,,,,,,,,,
26/02/23,To God Be The Glory,To God be the glory great things He has done,Ben,23426,public domain,,,,,,,,,,,,,,,,,,,,,
5/3/23,Be Happy,I'm gonna jump up and down,Sue,3784552,reported 9/3/23,,,,,,,,,,,,,,,,,,,,,
5/3/23,His Mercy Is More,What love could remember no wrongs we have done,Sue,7065053,reported 9/3/23,,,,,,,,,,,,,,,,,,,,,
5/3/23,Hope of the Nations,Jesus hope of the nations,Sue,3540703,reported 9/3/23,,,,,,,,,,,,,,,,,,,,,
5/3/23,Thine Be The Glory (Maccabaeus),Thine be the glory,Sue,4473013,reported 9/3/23,,,,,,,,,,,,,,,,,,,,,
5/3/23,This Is Amazing Grace,Who breaks the power of sin and darkness,Sue,6333821,reported 9/3/23,,,,,,,,,,,,,,,,,,,,,
12/3/23,"10,000 Reasons","Bless the Lord, O my soul",Sue,6016351,reported 22/3/23,,,,,,,,,,,,,,,,,,,,,
12/3/23,Build Your Kingdom Here,Come set Your rule and reign,Sue,6186078,reported 22/3/23,,,,,,,,,,,,,,,,,,,,,
12/3/23,There Is A Higher Throne,There is a higher throne,Sue,3994672,reported 22/3/23,,,,,,,,,,,,,,,,,,,,,
12/3/23,This I Believe (The Creed),Our Father everlasting,Sue,7018338,reported 22/3/23,,,,,,,,,,,,,,,,,,,,,
12/3/23,Who You Say I Am,Who am I that the highest King,Sue,7102401,reported 22/3/23,,,,,,,,,,,,,,,,,,,,,
19/03/23,Holy Spirit,Holy Spirit living Breath of God,Ben,4779872,reported 22/3/23,,,,,,,,,,,,,,,,,,,,,
19/03/23,Knowing You,All I once held dear built my life upon,Ben,1045238,reported 22/3/23,,,,,,,,,,,,,,,,,,,,,
19/03/23,O Church Arise,"O Church arise, and put your armour on;",Ben,4611992,reported 22/3/23,,,,,,,,,,,,,,,,,,,,,
19/03/23,Yet Not I But Through Christ In Me,What gift of grace is Jesus my redeemer,Ben,7121852,reported 22/3/23,,,,,,,,,,,,,,,,,,,,,
26/03/23,As The Deer,As the deer pants for the water,Sue,1431,reported 2/4/23,,,,,,,,,,,,,,,,,,,,,
26/03/23,Be Free in the Love of God,Be free in the love of God,Sue,1101684,reported 2/4/23,,,,,,,,,,,,,,,,,,,,,
26/03/23,I Give You My Heart,This is my desire,Sue,1866132,reported 2/4/23,,,,,,,,,,,,,,,,,,,,,
26/03/23,Trinity Hymn,We are heirs of God Almighty,Sue,4001777,reported 2/4/23,,,,,,,,,,,,,,,,,,,,,
26/03/23,We Shall Stand,We shall stand,Sue,30574,reported 2/4/23,,,,,,,,,,,,,,,,,,,,,
26/03/23,You Are The Vine,You are the vine,Sue,52538,reported 2/4/23,,,,,,,,,,,,,,,,,,,,,
2/4/23,Blessed Be Your Name,Blessed be Your name,Chris,3798438,reported 2/4/23,,,,,,,,,,,,,,,,,,,,,
2/4/23,Goodness Of God,I love you Lord,Chris,7117726,reported 2/4/23,,,,,,,,,,,,,,,,,,,,,
2/4/23,Hope of the Nations,Jesus hope of the nations,Chris,3540703,reported 2/4/23,,,,,,,,,,,,,,,,,,,,,
2/4/23,I Stand Amazed,I stand amazed in the presence,Chris,25297,public domain,,,,,,,,,,,,,,,,,,,,,
6/4/23,Amazing Grace,Amazing grace how sweet the sound,youtube,2762836,public domain,,,,,,,,,,,,,,,,,,,,,
9/4/23,Amazing Grace,Amazing grace how sweet the sound,,2762836,public domain,,,,,,,,,,,,,,,,,,,,,
9/4/23,Jesus Christ Is Risen Today,Jesus Christ is risen today,Sue,4958088,public domain,,,,,,,,,,,,,,,,,,,,,
9/4/23,O Praise The Name,I cast my mind to Calvary,Sue,7037787,reported 24/4/23,,,,,,,,,,,,,,,,,,,,,
9/4/23,Resurrection Hymn,See what a morning gloriously bright,Sue,4108797,reported 24/4/23,,,,,,,,,,,,,,,,,,,,,
9/4/23,The Wonder Of Your Cross,The wonder of Your cross,Sue,4372956,reported 24/4/23,,,,,,,,,,,,,,,,,,,,,
9/4/23,To God Be The Glory,To God be the glory great things He has done,,23426,public domain,,,,,,,,,,,,,,,,,,,,,
16/04/23,Come People Of The Risen King,Come people of the Risen King,Sue,5232617,reported 24/4/23,,,,,,,,,,,,,,,,,,,,,
16/04/23,Crown Him With Many Crowns,Crown Him with many crowns,Sue,23938,public domain,,,,,,,,,,,,,,,,,,,,,
16/04/23,Hear The Call Of The Kingdom,"Hear the call of the Kingdom, lift your eyes to the King.",Sue,4930752,reported 24/4/23,,,,,,,,,,,,,,,,,,,,,
16/04/23,Holy Spirit,Holy Spirit living Breath of God,Sue,4779872,reported 24/4/23,,,,,,,,,,,,,,,,,,,,,
16/04/23,My Peace,My peace I give unto you,Sue,38631,reported 24/4/23,,,,,,,,,,,,,,,,,,,,,
23/04/23,He Will Hold Me Fast,When I fear my faith will fail,Sue,7016161,reported 24/4/23,,,,,,,,,,,,,,,,,,,,,
23/04/23,I Surrender All,All to Jesus I surrender,Sue,4453428,reported 24/4/23,,,,,,,,,,,,,,,,,,,,,
23/04/23,Joy Of The Lord,Though the tears may fall my song will rise,Sue,7047091,reported 24/4/23,,,,,,,,,,,,,,,,,,,,,
23/04/23,Lord For The Years,Lord for the years,Sue,224957,reported 24/4/23,,,,,,,,,,,,,,,,,,,,,
23/04/23,The Lion And The Lamb,He's coming on the clouds,Sue,7038281,reported 24/4/23,,,,,,,,,,,,,,,,,,,,,
30/04/23,King Of Kings Majesty,King of kings majesty,Chris,1581778,reported 11/5/23,,,,,,,,,,,,,,,,,,,,,
30/04/23,Our God Saves,In the name of the Father in the name of the Son,Chris,4972837,reported 11/5/23,,,,,,,,,,,,,,,,,,,,,
30/04/23,Psalm 23,The lord's my Shepherd I'll not want,Chris,1585970,reported 11/5/23,,,,,,,,,,,,,,,,,,,,,
30/04/23,What A Faithful God,Lord I come before Your throne of grace,Chris,605095,reported 11/5/23,,,,,,,,,,,,,,,,,,,,,
7/5/23,Cornerstone,My hope is built on nothing less,Ben,6158927,reported 11/5/23,,,,,,,,,,,,,,,,,,,,,
7/5/23,Everlasting God,Strength will rise as we wait upon the Lord,Ben,4556538,reported 11/5/23,,,,,,,,,,,,,,,,,,,,,
7/5/23,I Will Sing Your Praises,Father God I wonder how I managed to exist,Ben,58202,reported 11/5/23,,,,,,,,,,,,,,,,,,,,,
7/5/23,My Lighthouse,In my wrestling and in my doubts,Ben,7002032,reported 11/5/23,,,,,,,,,,,,,,,,,,,,,
14/05/23,From The Top,From the top of my head to the tip of my toes,Sue,4499554,reported 22/5/23,,,,,,,,,,,,,,,,,,,,,
14/05/23,How Great is Our God,"The splendour of the King, clothed in majesty",Sue,4348399,reported 22/5/23,,,,,,,,,,,,,,,,,,,,,
14/05/23,Image Of Invisible God,Image of invisible God,Sue,3709805,reported 22/5/23,,,,,,,,,,,,,,,,,,,,,
14/05/23,"Praise to the Lord, the Almighty","Praise to the Lord, the Almighty",Sue,43073,public domain,,,,,,,,,,,,,,,,,,,,,
14/05/23,Rest In My Love,Rest in My love relax in My care,Sue,377794,reported 22/5/23,,,,,,,,,,,,,,,,,,,,,
21/05/23,Awesome God,Our God is an awesome God,Sue,41099,reported 22/5/23,,,,,,,,,,,,,,,,,,,,,
21/05/23,Behold Our God,Who has held the oceans in His hands?,Sue,5937510,reported 22/5/23,,,,,,,,,,,,,,,,,,,,,
21/05/23,Build Your Kingdom Here,Come set Your rule and reign,Sue,6186078,reported 22/5/23,,,,,,,,,,,,,,,,,,,,,
21/05/23,Goodness Of God,I love you Lord,Sue,7117726,reported 22/5/23,,,,,,,,,,,,,,,,,,,,,
21/05/23,Love Divine,Love divine all loves excelling,Sue,1038991,reported 22/5/23,,,,,,,,,,,,,,,,,,,,,
28/05/23,Blessed Be Your Name,Blessed be Your name,Chris,3798438,reported 17/6/23,,,,,,,,,,,,,,,,,,,,,
28/05/23,Build Your Kingdom Here,Come set Your rule and reign,Chris,6186078,reported 17/6/23,,,,,,,,,,,,,,,,,,,,,
28/05/23,Glorify Thy Name,Father we love You,Chris,1383,reported 17/6/23,,,,,,,,,,,,,,,,,,,,,
28/05/23,Hosanna (Praise Is Rising),Praise is rising,Chris,4662491,reported 17/6/23,,,,,,,,,,,,,,,,,,,,,
28/05/23,This Is Amazing Grace,Who breaks the power of sin and darkness,Chris,6333821,reported 17/6/23,,,,,,,,,,,,,,,,,,,,,
4/6/23,Blessed Be Your Name,Blessed be Your name,Sue,3798438,reported 17/6/23,,,,,,,,,,,,,,,,,,,,,
4/6/23,I Give You My Heart,This is my desire,Sue,1866132,reported 17/6/23,,,,,,,,,,,,,,,,,,,,,
4/6/23,Indescribable,From the highest of heights to the depths of the sea,Sue,4403076,reported 17/6/23,,,,,,,,,,,,,,,,,,,,,
4/6/23,Lord Reign In Me,Over all the earth,Sue,2490706,reported 17/6/23,,,,,,,,,,,,,,,,,,,,,
11/6/23,And Can It Be,And can it be that I should gain,Ben,25280,public domain,,,,,,,,,,,,,,,,,,,,,
11/6/23,Faithful one,Faithful one so unchanging,Ben,465840,reported 17/6/23,,,,,,,,,,,,,,,,,,,,,
11/6/23,Lo He Comes With Clouds Descending,Lo He Comes With Clouds Descending,Ben,3351648,reported 17/6/23,,,,,,,,,,,,,,,,,,,,,
11/6/23,You Alone Can Rescue,Who O Lord could save themselves,Ben,5376377,reported 17/6/23,,,,,,,,,,,,,,,,,,,,,
18/06/23,Christ Our Hope In Life And Death,Christ our hope in life and death,Sue,7147502,reported 17/6/23,,,,,,,,,,,,,,,,,,,,,
18/06/23,Every Promise,From the breaking of the dawn,Sue,4642105,reported 17/6/23,,,,,,,,,,,,,,,,,,,,,
18/06/23,Forever,Give thanks to the Lord,Sue,3148428,reported 17/6/23,,,,,,,,,,,,,,,,,,,,,
18/06/23,Great is thy faithfulness,"Great is thy faithfulness, O God my Father",Sue,18723,reported 17/6/23,,,,,,,,,,,,,,,,,,,,,
18/06/23,Praise My Soul The King Of Heaven,Praise my soul the King of heaven,Sue,800443,public domain,,,,,,,,,,,,,,,,,,,,,
25/06/23,All The Glory,My heart is full of admiration,Chris,729555,reported 4/7/23,,,,,,,,,,,,,,,,,,,,,
25/06/23,Consuming Fire,There must be more than this,Chris,3818569,reported 4/7/23,,,,,,,,,,,,,,,,,,,,,
25/06/23,Forever,Give thanks to the Lord,Chris,3148428,reported 4/7/23,,,,,,,,,,,,,,,,,,,,,
25/06/23,Holy And Anointed One,Jesus Jesus,Chris,164361,reported 4/7/23,,,,,,,,,,,,,,,,,,,,,
25/06/23,Holy Spirit,There's nothing worth more that will ever come close,Chris,6087919,reported 4/7/23,,,,,,,,,,,,,,,,,,,,,
2/7/23,Hope of the Nations,Jesus hope of the nations,Ben,3540703,reported 4/7/23,,,,,,,,,,,,,,,,,,,,,
2/7/23,How Deep The Father's Love For Us,How deep the Father's love for us,Ben,1558110,reported 4/7/23,,,,,,,,,,,,,,,,,,,,,
2/7/23,In Christ Alone,In Christ alone my hope is found,Ben,3350395,reported 4/7/23,,,,,,,,,,,,,,,,,,,,,
2/7/23,This Is Amazing Grace,Who breaks the power of sin and darkness,Ben,6333821,reported 4/7/23,,,,,,,,,,,,,,,,,,,,,
9/7/23,Be Still,Be still for the presence of the Lord,Sue,120824,reported 14/7/23,,,,,,,,,,,,,,,,,,,,,
9/7/23,Build Your Kingdom Here,Come set Your rule and reign,Sue,6186078,reported 14/7/23,,,,,,,,,,,,,,,,,,,,,
9/7/23,By faith,By faith we see the hand of God,Sue,5469291,reported 14/7/23,,,,,,,,,,,,,,,,,,,,,
9/7/23,Come People Of The Risen King,Come people of the Risen King,Sue,5232617,reported 14/7/23,,,,,,,,,,,,,,,,,,,,,
9/7/23,We Shall Stand,We shall stand,Sue,30574,reported 14/7/23,,,,,,,,,,,,,,,,,,,,,
16/07/23,At The Name Of Jesus (Camberwell),At the name of Jesus,Ben,38947,reported 30/7/23,,,,,,,,,,,,,,,,,,,,,
16/07/23,Faithful one,Faithful one so unchanging,Ben,465840,reported 30/7/23,,,,,,,,,,,,,,,,,,,,,
16/07/23,Hear The Call Of The Kingdom,"Hear the call of the Kingdom, lift your eyes to the King.",Ben,4930752,reported 30/7/23,,,,,,,,,,,,,,,,,,,,,
16/07/23,This I Believe (The Creed),Our Father everlasting,Ben,7018338,reported 30/7/23,,,,,,,,,,,,,,,,,,,,,
16/07/23,Yet Not I But Through Christ In Me,What gift of grace is Jesus my redeemer,Ben,7121852,reported 30/7/23,,,,,,,,,,,,,,,,,,,,,
23/07/23,As The Deer,As the deer pants for the water,Chris,1431,reported 30/7/23,,,,,,,,,,,,,,,,,,,,,
23/07/23,Here For You,Let our praise be Your welcome,Chris,5925649,reported 30/7/23,,,,,,,,,,,,,,,,,,,,,
23/07/23,Hope of the Nations,Jesus hope of the nations,Chris,3540703,reported 30/7/23,,,,,,,,,,,,,,,,,,,,,
23/07/23,Lord You Have My Heart,Lord You have my heart,Chris,1108735,reported 30/7/23,,,,,,,,,,,,,,,,,,,,,
23/07/23,Shout to the Lord,My Jesus my Saviour,Chris,1406918,reported 30/7/23,,,,,,,,,,,,,,,,,,,,,
30/07/23,Be Thou My Vision,"Be Thou my vision, O Lord of my heart",Sue,3142950,reported 30/7/23,,,,,,,,,,,,,,,,,,,,,
30/07/23,Christ be our light,"Longing for light, we wait in darkness",Sue,No CCLI Number,,,,,,,,,,,,,,,,,,,,,,
30/07/23,Here I Am to Worship,Light of the world You stepped down into darkness,Sue,3266032,reported 30/7/23,,,,,,,,,,,,,,,,,,,,,
30/07/23,Joy Of The Lord,Though the tears may fall my song will rise,Sue,7047091,reported 30/7/23,,,,,,,,,,,,,,,,,,,,,
30/07/23,You Never Let Go,Even though I walk through the valley,Sue,4674166,reported 30/7/23,,,,,,,,,,,,,,,,,,,,,
6/8/23,"Come, Now is the Time to Worship","Come, now is the time to worship",Chris,2430948,reported 23/8/23,,,,,,,,,,,,,,,,,,,,,
6/8/23,Cornerstone,My hope is built on nothing less,Chris,6158927,reported 23/8/23,,,,,,,,,,,,,,,,,,,,,
6/8/23,Hosanna (Praise Is Rising),Praise is rising,Chris,4662491,reported 23/8/23,,,,,,,,,,,,,,,,,,,,,
6/8/23,In Christ Alone,In Christ alone my hope is found,Chris,3350395,reported 23/8/23,,,,,,,,,,,,,,,,,,,,,
6/8/23,Yet Not I But Through Christ In Me,What gift of grace is Jesus my redeemer,Chris,7121852,reported 23/8/23,,,,,,,,,,,,,,,,,,,,,
13/08/23,"10,000 Reasons","Bless the Lord, O my soul",Ben,6016351,reported 23/8/23,,,,,,,,,,,,,,,,,,,,,
13/08/23,Everlasting God,Strength will rise as we wait upon the Lord,Ben,4556538,reported 23/8/23,,,,,,,,,,,,,,,,,,,,,
13/08/23,Goodness Of God,I love you Lord,Ben,7117726,reported 23/8/23,,,,,,,,,,,,,,,,,,,,,
13/08/23,Indescribable,From the highest of heights to the depths of the sea,Ben,4403076,reported 23/8/23,,,,,,,,,,,,,,,,,,,,,
20/08/23,Crown Him With Many Crowns,Crown Him with many crowns,Sue,23938,public domain,,,,,,,,,,,,,,,,,,,,,
20/08/23,Our God is a Great Big God,Our God is a great big God,Sue,3373437,reported 23/8/23,,,,,,,,,,,,,,,,,,,,,
20/08/23,Thine Be The Glory (Maccabaeus),Thine be the glory,Sue,4473013,reported 23/8/23,,,,,,,,,,,,,,,,,,,,,
20/08/23,This I Believe (The Creed),Our Father everlasting,Sue,7018338,reported 23/8/23,,,,,,,,,,,,,,,,,,,,,
20/08/23,This Is Amazing Grace,Who breaks the power of sin and darkness,Sue,6333821,reported 23/8/23,,,,,,,,,,,,,,,,,,,,,
27/08/23,Hope of the Nations,Jesus hope of the nations,Ben,3540703,reported 1/9/23,,,,,,,,,,,,,,,,,,,,,
27/08/23,How Great Thou Art,O Lord my God when I in awesome wonder,Ben,14181,reported 1/9/23,,,,,,,,,,,,,,,,,,,,,
27/08/23,Lord Reign In Me,Over all the earth,Ben,2490706,reported 1/9/23,,,,,,,,,,,,,,,,,,,,,
27/08/23,Spirit of the Living God,Spirit of the living God,Ben,23488,reported 1/9/23,,,,,,,,,,,,,,,,,,,,,
27/08/23,Who Is There Like You,Who is there like You,Ben,1586010,reported 1/9/23,,,,,,,,,,,,,,,,,,,,,
3/9/23,Here For You,Let our praise be Your welcome,Chris,5925649,reported 28/9/23,,,,,,,,,,,,,,,,,,,,,
3/9/23,Holy And Anointed One,Jesus Jesus,Chris,164361,reported 28/9/23,,,,,,,,,,,,,,,,,,,,,
3/9/23,Hope of the Nations,Jesus hope of the nations,Chris,3540703,reported 28/9/23,,,,,,,,,,,,,,,,,,,,,
3/9/23,In Christ Alone,In Christ alone my hope is found,Chris,3350395,reported 28/9/23,,,,,,,,,,,,,,,,,,,,,
3/9/23,Psalm 23,The Lord's my Shepherd I'll not want,Chris,1585970,reported 28/9/23,,,,,,,,,,,,,,,,,,,,,
3/9/23,Thank You For Saving Me,Thank You for saving me,Chris,1043168,reported 28/9/23,,,,,,,,,,,,,,,,,,,,,
10/9/23,Christ Our Hope In Life And Death,Christ our hope in life and death,Sue,7147502,reported 28/9/23,,,,,,,,,,,,,,,,,,,,,
10/9/23,King of the Ages,King of the ages,Sue,3707663,reported 28/9/23,,,,,,,,,,,,,,,,,,,,,
10/9/23,Mighty to Save,Everyone needs compassion,Sue,4591782,reported 28/9/23,,,,,,,,,,,,,,,,,,,,,
10/9/23,Our God,Water you turned into wine,Sue,5677416,reported 28/9/23,,,,,,,,,,,,,,,,,,,,,
10/9/23,To God Be The Glory,To God be the glory great things He has done,Sue,23426,public domain,,,,,,,,,,,,,,,,,,,,,
17/09/23,Before The Throne Of God,Before the throne of God above,Chris,990391,public domain,,,,,,,,,,,,,,,,,,,,,
17/09/23,Blessed Assurance,Blessed assurance Jesus is mine,Chris,2645094,public domain,,,,,,,,,,,,,,,,,,,,,
17/09/23,Cornerstone,My hope is built on nothing less,Chris,6158927,reported 28/9/23,,,,,,,,,,,,,,,,,,,,,
17/09/23,Great In Power,Praise Him you heavens,Chris,2582339,reported 28/9/23,,,,,,,,,,,,,,,,,,,,,
17/09/23,The Lion And The Lamb,He's coming on the clouds,Chris,7038281,reported 28/9/23,,,,,,,,,,,,,,,,,,,,,
24/09/23,Build Your Kingdom Here,Come set Your rule and reign,Sue,6186078,reported 28/9/23,,,,,,,,,,,,,,,,,,,,,
24/09/23,Everlasting God,Strength will rise as we wait upon the Lord,Sue,4556538,reported 28/9/23,,,,,,,,,,,,,,,,,,,,,
24/09/23,Forever,Give thanks to the Lord,Sue,3148428,reported 28/9/23,,,,,,,,,,,,,,,,,,,,,
24/09/23,Holy Spirit,Holy Spirit living Breath of God,Sue,4779872,reported 28/9/23,,,,,,,,,,,,,,,,,,,,,
24/09/23,Hosanna (Praise Is Rising),Praise is rising,Sue,4662491,reported 28/9/23,,,,,,,,,,,,,,,,,,,,,
1/10/23,"10,000 Reasons","Bless the Lord, O my soul",Richard,6016351,reported 20/10/23,,,,,,,,,,,,,,,,,,,,,
1/10/23,Let Everything That Has Breath,Let everything that,Richard,2430979,reported 20/10/23,,,,,,,,,,,,,,,,,,,,,
1/10/23,We Plough The Fields And Scatter (Wir Pflügen),We plough the fields and scatter,Richard,328554,public domain,,,,,,,,,,,,,,,,,,,,,
1/10/23,Yet Not I But Through Christ In Me,What gift of grace is Jesus my redeemer,Richard,7121852,reported 20/10/23,,,,,,,,,,,,,,,,,,,,,
8/10/23,Behold Our God,Who has held the oceans in His hands?,Sue,5937510,reported 20/10/23,,,,,,,,,,,,,,,,,,,,,
8/10/23,Every Promise,From the breaking of the dawn,Sue,4642105,reported 20/10/23,,,,,,,,,,,,,,,,,,,,,
8/10/23,His Mercy Is More,What love could remember no wrongs we have done,Sue,7065053,reported 20/10/23,,,,,,,,,,,,,,,,,,,,,
8/10/23,Holy Holy Holy,Holy holy holy Lord God Almighty,Sue,1156,public domain,,,,,,,,,,,,,,,,,,,,,
8/10/23,You Never Let Go,Even though I walk through the valley,Sue,4674166,reported 20/10/23,,,,,,,,,,,,,,,,,,,,,
15/10/23,Faithful One,Faithful one so unchanging,Chris,465840,reported 20/10/23,,,,,,,,,,,,,,,,,,,,,
15/10/23,Hosanna (Praise Is Rising),Praise is rising,Chris,4662491,reported 20/10/23,,,,,,,,,,,,,,,,,,,,,
15/10/23,Open The Eyes Of My Heart,Open the eyes of my heart Lord,Chris,2298355,reported 20/10/23,,,,,,,,,,,,,,,,,,,,,
15/10/23,Still,Hide me now,Chris,3940963,reported 20/10/23,,,,,,,,,,,,,,,,,,,,,
15/10/23,This I Believe (The Creed),Our Father everlasting,Chris,7018338,reported 20/10/23,,,,,,,,,,,,,,,,,,,,,
22/10/23,Be The Centre,"Jesus, be the Centre",Ben,2650429,reported 1/11/23,,,,,,,,,,,,,,,,,,,,,
22/10/23,Build Your Kingdom Here,Come set Your rule and reign,Ben,6186078,reported 1/11/23,,,,,,,,,,,,,,,,,,,,,
22/10/23,By Faith,By faith we see the hand of God,Ben,5469291,reported 1/11/23,,,,,,,,,,,,,,,,,,,,,
22/10/23,Come People Of The Risen King,Come people of the Risen King,Ben,5232617,reported 1/11/23,,,,,,,,,,,,,,,,,,,,,
22/10/23,When I Survey The Wondrous Cross,When I survey the wondrous cross,Ben,3296590,public domain,,,,,,,,,,,,,,,,,,,,,
29/10/23,Before The Throne Of God,Before the throne of God above,Sue,990391,public domain,,,,,,,,,,,,,,,,,,,,,
29/10/23,Better Is One Day,How lovely is Your dwelling place,Sue,1097451,reported 1/11/23,,,,,,,,,,,,,,,,,,,,,
29/10/23,Love Divine,Love divine all loves excelling,Sue,1038991,reported 1/11/23,,,,,,,,,,,,,,,,,,,,,
29/10/23,"Praise to the Lord, the Almighty","Praise to the Lord, the Almighty",Sue,43073,public domain,,,,,,,,,,,,,,,,,,,,,
29/10/23,Who You Say I Am,Who am I that the highest King,Sue,7102401,reported 1/11/23,,,,,,,,,,,,,,,,,,,,,
5/11/23,My Lighthouse,In my wrestling and in my doubts,Richard,7002032,reported 18/11/23,,,,,,,,,,,,,,,,,,,,,
5/11/23,Thank You God,,Richard,@ Richard,,,,,,,,,,,,,,,,,,,,,,
5/11/23,The Spirit Lives To Set Us Free,The Spirit lives to set us free,Richard,2134598,reported 18/11/23,,,,,,,,,,,,,,,,,,,,,
5/11/23,This I Believe (The Creed),Our Father everlasting,Richard,7018338,reported 18/11/23,,,,,,,,,,,,,,,,,,,,,
5/11/23,Thy Word,Thy Word is a lamp unto my feet,Richard,14301,reported 18/11/23,,,,,,,,,,,,,,,,,,,,,
5/11/23,Way Maker,You are here moving in our midst,Richard,7115744,reported 18/11/23,,,,,,,,,,,,,,,,,,,,,
12/11/23,Apostle's Creed,I believe in God the Father,Sue,4001650,reported 18/11/23,,,,,,,,,,,,,,,,,,,,,
12/11/23,Beautiful Saviour,All my days I will sing this song of gladness,Sue,2492216,reported 18/11/23,,,,,,,,,,,,,,,,,,,,,
12/11/23,Cornerstone,My hope is built on nothing less,Sue,6158927,reported 18/11/23,,,,,,,,,,,,,,,,,,,,,
12/11/23,Lord For The Years,Lord for the years,Sue,224957,reported 18/11/23,,,,,,,,,,,,,,,,,,,,,
12/11/23,Remembrance Hymn,O Lord we look upon the past,Sue,7120048,reported 18/11/23,,,,,,,,,,,,,,,,,,,,,
19/11/23,As The Deer,As the deer pants for the water,Ben,1431,reported 06/12/23,,,,,,,,,,,,,,,,,,,,,
19/11/23,Christ Our Hope In Life And Death,Christ our hope in life and death,Ben,7147502,reported 06/12/23,,,,,,,,,,,,,,,,,,,,,
19/11/23,Guide Me O Thy Great Redeemer,Guide me O Thou great Redeemer,Ben,1448,public domain,,,,,,,,,,,,,,,,,,,,,
19/11/23,There Is A Higher Throne,There is a higher throne,Ben,3994672,reported 06/12/23,,,,,,,,,,,,,,,,,,,,,
19/11/23,We Shall Stand,We shall stand,Ben,30574,reported 06/12/23,,,,,,,,,,,,,,,,,,,,,
26/11/23,His Mercy Is More,What love could remember no wrongs we have done,Sue,7065053,reported 06/12/23,,,,,,,,,,,,,,,,,,,,,
26/11/23,I Cannot Tell,I cannot tell why He whom angels worship,Sue,110119,reported 06/12/23,,,,,,,,,,,,,,,,,,,,,
26/11/23,O Church Arise,"O Church arise, and put your armour on;",Sue,4611992,reported 06/12/23,,,,,,,,,,,,,,,,,,,,,
26/11/23,The Lion And The Lamb,He's coming on the clouds,Sue,7038281,reported 06/12/23,,,,,,,,,,,,,,,,,,,,,
26/11/23,There Is A Higher Throne,There is a higher throne,Sue,3994672,reported 06/12/23,,,,,,,,,,,,,,,,,,,,,
3/12/23,Behold Our God,Behold our God seated on his throne,Richard,5937510,reported 07/12/23,,,,,,,,,,,,,,,,,,,,,
3/12/23,Everlasting God,Strength will rise as we wait upon the Lord,Richard,4556538,reported 06/12/23,,,,,,,,,,,,,,,,,,,,,
3/12/23,Noel,Love incarnate love divine,Richard,7050419,reported 06/12/23,,,,,,,,,,,,,,,,,,,,,
3/12/23,O Come All Ye Faithful (Adeste Fideles),O come all ye faithful,Richard,4758525,public domain,,,,,,,,,,,,,,,,,,,,,
3/12/23,The Blessing,The Lord bless you,Richard,7147007,reported 06/12/23,,,,,,,,,,,,,,,,,,,,,
10/12/23,Great Things,Come let us worship our King.,Sue,7111321,reported 03/01/24,,,,,,,,,,,,,,,,,,,,,
10/12/23,Here I Am to Worship,Light of the world You stepped down into darkness,Sue,3266032,reported 03/01/24,,,,,,,,,,,,,,,,,,,,,
10/12/23,Joy To The World,Joy to the world the Lord is come,Sue,24016,public domain,,,,,,,,,,,,,,,,,,,,,
10/12/23,Our God reigns,How lovely on the mountains,Sue,8458,reported 03/01/24,,,,,,,,,,,,,,,,,,,,,
10/12/23,Shout to the Lord,My Jesus my Saviour,Sue,1406918,reported 03/01/24,,,,,,,,,,,,,,,,,,,,,
17/12/23,Calypso Carol,See Him lying on a bed of straw,Ben,626892,reported 03/01/24,,,,,,,,,,,,,,,,,,,,,
17/12/23,Carol Service,,Sue,,,,,,,,,,,,,,,,,,,,,,,
17/12/23,Carol Service,,Sue,,,,,,,,,,,,,,,,,,,,,,,
17/12/23,Carol Service,,Sue,,,,,,,,,,,,,,,,,,,,,,,
17/12/23,Carol Service,,Sue,,,,,,,,,,,,,,,,,,,,,,,
17/12/23,Carol Service,,Sue,,,,,,,,,,,,,,,,,,,,,,,
17/12/23,Carol Service,,Sue,,,,,,,,,,,,,,,,,,,,,,,
17/12/23,Carol Service,,Sue,,,,,,,,,,,,,,,,,,,,,,,
17/12/23,Carol Service,,Sue,,,,,,,,,,,,,,,,,,,,,,,
17/12/23,Hark The Herald Angels Sing (Mendelssohn),Hark the herald angels sing,Ben,27738,public domain,,,,,,,,,,,,,,,,,,,,,
17/12/23,Joy To The World,Joy to the world the Lord is come,Ben,24016,public domain,,,,,,,,,,,,,,,,,,,,,
17/12/23,Once In Royal David's City,Once in royal David's city,Ben,197156,public domain,,,,,,,,,,,,,,,,,,,,,
17/12/23,The First Noel,The first Noel the angel did say,Ben,31047,public domain,,,,,,,,,,,,,,,,,,,,,
24/12/23,Away In A Manger,Away in a manger,Richard,38583,public domain,,,,,,,,,,,,,,,,,,,,,
24/12/23,Hark The Herald Angels Sing (Mendelssohn),Hark the herald angels sing,Richard,27738,public domain,,,,,,,,,,,,,,,,,,,,,
24/12/23,Many Years Ago,Many years ago in a stable far away,Richard,"Words by Rev Barry Shipley
(to tune of Jingle Bells)",,,,,,,,,,,,,,,,,,,,,,
24/12/23,Noel,Love incarnate love divine,Richard,7050419,reported 03/01/24,,,,,,,,,,,,,,,,,,,,,
24/12/23,Noel,Love incarnate love divine,Richard,7050419,reported 03/01/24,,,,,,,,,,,,,,,,,,,,,
24/12/23,O Come All Ye Faithful (Adeste Fideles),O come all ye faithful,Richard,4758525,public domain,,,,,,,,,,,,,,,,,,,,,
24/12/23,O Praise The Name (Anástasis),I cast my mind to Calvary,Richard,7037787,reported 03/01/24,,,,,,,,,,,,,,,,,,,,,
24/12/23,Praise to the Lord The Almighty,Praise to the Lord the Almighty,Richard,43073,public domain,,,,,,,,,,,,,,,,,,,,,
24/12/23,The Spirit Lives To Set Us Free,The Spirit lives to set us free,Richard,2134598,reported 03/01/24,,,,,,,,,,,,,,,,,,,,,
25/12/23,Hark The Herald Angels Sing (Mendelssohn),Hark the herald angels sing,Richard,27738,public domain,,,,,,,,,,,,,,,,,,,,,
25/12/23,Joy To The World,Joy to the world the Lord is come,Richard,24016,public domain,,,,,,,,,,,,,,,,,,,,,
25/12/23,O Come All Ye Faithful (Adeste Fideles),O come all ye faithful,Richard,4758525,public domain,,,,,,,,,,,,,,,,,,,,,
31/12/23,Be Free in the Love of God,Be free in the love of God,Ben,1101684,reported 03/01/24,,,,,,,,,,,,,,,,,,,,,
31/12/23,Beautiful Saviour,All my days I will sing this song of gladness,Ben,2492216,reported 03/01/24,,,,,,,,,,,,,,,,,,,,,
31/12/23,Love Divine,Love divine all loves excelling,Ben,1038991,reported 03/01/24,,,,,,,,,,,,,,,,,,,,,
31/12/23,Shout to the Lord,My Jesus my Saviour,Ben,1406918,reported 03/01/24,,,,,,,,,,,,,,,,,,,,,
7/1/24,Blessed Be Your Name,Blessed be Your name,Richard,3798438,reported 19/01/24,,,,,,,,,,,,,,,,,,,,,
7/1/24,How Great Thou Art,O Lord my God when I in awesome wonder,Richard,14181,reported 19/01/24,,,,,,,,,,,,,,,,,,,,,
7/1/24,Jesus Is The Mighty Mighty King,Jesus is the mighty mighty King,Richard,https://colinbuchanan.com.au/collections/kids,,,,,,,,,,,,,,,,,,,,,,
7/1/24,Story Of The Cross,This is the story of the cross,Richard,7134315,reported 19/01/24,,,,,,,,,,,,,,,,,,,,,
7/1/24,Way Maker,You are here moving in our midst,Richard,7115744,reported 19/01/24,,,,,,,,,,,,,,,,,,,,,
14/01/24,Across The Lands,You're the Word of God the Father,Ben,3709898,reported 19/01/24,,,,,,,,,,,,,,,,,,,,,
14/01/24,Be Still,Be still for the presence of the Lord,Ben,120824,reported 19/01/24,,,,,,,,,,,,,,,,,,,,,
14/01/24,Cornerstone,My hope is built on nothing less,Ben,6158927,reported 19/01/24,,,,,,,,,,,,,,,,,,,,,
14/01/24,I Cannot Tell,I cannot tell why He whom angels worship,Ben,110119,reported 19/01/24,,,,,,,,,,,,,,,,,,,,,
14/01/24,Make Way,Make way make way for Christ the King,Ben,121074,reported 19/01/24,,,,,,,,,,,,,,,,,,,,,
21/01/24,Behold Our God,Behold our God seated on his throne,Richard,5937510,reported 19/01/24,,,,,,,,,,,,,,,,,,,,,
21/01/24,How Great (Psalm 145),I'll bless Your name O God each day that I awake,Richard,7190356,reported 19/01/24,,,,,,,,,,,,,,,,,,,,,
21/01/24,Indescribable,From the highest of heights to the depths of the sea,Richard,4403076,reported 19/01/24,,,,,,,,,,,,,,,,,,,,,
21/01/24,King Of Kings Majesty,King of kings majesty,Richard,1581778,reported 19/01/24,,,,,,,,,,,,,,,,,,,,,
21/01/24,Let My Words Be Few,You are God in heaven,Richard,3040980,reported 19/01/24,,,,,,,,,,,,,,,,,,,,,
28/01/24,Guide Me O Thy Great Redeemer,Guide me O Thou great Redeemer,Ben,1448,public domain,,,,,,,,,,,,,,,,,,,,,
28/01/24,Hear The Call Of The Kingdom,"Hear the call of the Kingdom, lift your eyes to the King.",Ben,4930752,reported 01/02/24,,,,,,,,,,,,,,,,,,,,,
28/01/24,Let My Words Be Few,You are God in heaven,Ben,3040980,reported 01/02/24,,,,,,,,,,,,,,,,,,,,,
28/01/24,O Praise The Name,I cast my mind to Calvary,Ben,7037787,reported 01/02/24,,,,,,,,,,,,,,,,,,,,,
28/01/24,Only By Grace,Only by grace can we enter,Ben,190579,reported 01/02/24,,,,,,,,,,,,,,,,,,,,,
4/2/24,Across The Lands,You're the Word of God the Father,Ben,3709898,reported 15/02/24,,,,,,,,,,,,,,,,,,,,,
4/2/24,All Creatures Of Our God And King,All creatures of our God and King,Ben,2846264,public domain,,,,,,,,,,,,,,,,,,,,,
4/2/24,Be Thou My Vision (Slane),"Be Thou my vision, O Lord of my heart",Ben,3142950,reported 15/02/24,,,,,,,,,,,,,,,,,,,,,
4/2/24,Goodness Of God,I love you Lord,Ben,7117726,reported 15/02/24,,,,,,,,,,,,,,,,,,,,,
11/2/24,All Heaven Declares,All heaven declares,Richard,120556,reported 15/02/24,,,,,,,,,,,,,,,,,,,,,
11/2/24,And Can It Be,And can it be that I should gain,Richard,25280,public domain,,,,,,,,,,,,,,,,,,,,,
11/2/24,How Great (Psalm 145),I'll bless Your name O God each day that I awake,Richard,7190356,reported 15/02/24,,,,,,,,,,,,,,,,,,,,,
11/2/24,Yet Not I But Through Christ In Me,What gift of grace is Jesus my redeemer,Richard,7121852,reported 15/02/24,,,,,,,,,,,,,,,,,,,,,
18/02/24,By Faith,By faith we see the hand of God,Ben,5469291,reported 8/3/24,,,,,,,,,,,,,,,,,,,,,
18/02/24,Every Promise,From the breaking of the dawn,Ben,4642105,reported 8/3/24,,,,,,,,,,,,,,,,,,,,,
18/02/24,Great is thy faithfulness,"Great is thy faithfulness, O God my Father",Ben,18723,reported 8/3/24,,,,,,,,,,,,,,,,,,,,,
18/02/24,Speak O Lord,Speak O Lord as we come to You,Ben,4615235,reported 8/3/24,,,,,,,,,,,,,,,,,,,,,
25/02/24,How Great (Psalm 145),I'll bless Your name O God each day that I awake,Richard,7190356,reported 8/3/24,,,,,,,,,,,,,,,,,,,,,
25/02/24,My Lighthouse,In my wrestling and in my doubts,Richard,7002032,reported 8/3/24,,,,,,,,,,,,,,,,,,,,,
25/02/24,This Is My Song,I remember those melodies,Richard,7190099,reported 8/3/24,,,,,,,,,,,,,,,,,,,,,
25/02/24,Thy Word,Thy Word is a lamp unto my feet,Richard,14301,reported 8/3/24,,,,,,,,,,,,,,,,,,,,,
3/3/24,"10,000 Reasons","Bless the Lord, O my soul",Richard,6016351,reported 8/3/24,,,,,,,,,,,,,,,,,,,,,
3/3/24,Behold Our God,Who has held the oceans in His hands?,Richard,5937510,reported 8/3/24,,,,,,,,,,,,,,,,,,,,,
3/3/24,Build Your Kingdom Here,Come set Your rule and reign,Richard,6186078,reported 8/3/24,,,,,,,,,,,,,,,,,,,,,
3/3/24,Faithful One,Faithful one so unchanging,Richard,465840,reported 8/3/24,,,,,,,,,,,,,,,,,,,,,
3/3/24,Story Of The Cross,This is the story of the cross,Richard,7134315,reported 8/3/24,,,,,,,,,,,,,,,,,,,,,
10/3/24,How Great is Our God,"The splendour of the King, clothed in majesty",Sue,4348399,reported 19/3/24,,,,,,,,,,,,,,,,,,,,,
10/3/24,King of the Ages,King of the ages,Sue,3707663,reported 19/3/24,,,,,,,,,,,,,,,,,,,,,
10/3/24,"Praise to the Lord, the Almighty","Praise to the Lord, the Almighty",Sue,43073,public domain,,,,,,,,,,,,,,,,,,,,,
10/3/24,Psalm 23,The lord's my Shepherd I'll not want,Sue,1585970,reported 19/3/24,,,,,,,,,,,,,,,,,,,,,
17/03/24,All Creatures Of Our God And King,All creatures of our God and King,Ben,2846264,public domain,,,,,,,,,,,,,,,,,,,,,
17/03/24,Refiner's Fire,Purify my heart,Ben,426298,reported 19/3/24,,,,,,,,,,,,,,,,,,,,,
17/03/24,Rejoice the Lord is King,Rejoice the Lord is King,Ben,7125867,reported 19/3/24,,,,,,,,,,,,,,,,,,,,,
17/03/24,The Lion And The Lamb,He's coming on the clouds,Ben,7038281,reported 19/3/24,,,,,,,,,,,,,,,,,,,,,
17/03/24,This Is Amazing Grace,Who breaks the power of sin and darkness,Ben,6333821,reported 19/3/24,,,,,,,,,,,,,,,,,,,,,
24/03/24,All The Glory,My heart is full of admiration,Sue,729555,reported 29/3/24,,,,,,,,,,,,,,,,,,,,,
24/03/24,Hosanna (Praise Is Rising),Praise is rising,Sue,4662491,reported 29/3/24,,,,,,,,,,,,,,,,,,,,,
24/03/24,How Great Thou Art,O Lord my God when I in awesome wonder,Sue,14181,reported 29/3/24,,,,,,,,,,,,,,,,,,,,,
24/03/24,Ride On Ride On In Majesty,Ride On Ride On In Majesty,Sue,2725907,public domain,,,,,,,,,,,,,,,,,,,,,
24/03/24,The Servant King,From heav'n You came helpless babe,Sue,78897,reported 29/3/24,,,,,,,,,,,,,,,,,,,,,
31/03/24,Great Things,Come let us worship our King.,Sue,7111321,reported 6/4/24,,,,,,,,,,,,,,,,,,,,,
31/03/24,Jesus Christ Is Risen Today,Jesus Christ is risen today,Sue,4958088,public domain,,,,,,,,,,,,,,,,,,,,,
31/03/24,Living Hope,How great the chasm that lay between us,Sue,7106807,reported 6/4/24,,,,,,,,,,,,,,,,,,,,,
31/03/24,Saviour of the World,"God so loved, that He gave His son",Sue,5742169,reported 6/4/24,,,,,,,,,,,,,,,,,,,,,
31/03/24,Thine be the glory,Thine be the glory risen conquering son,Sue,21837,public domain,,,,,,,,,,,,,,,,,,,,,
7/4/24,Cornerstone,My hope is built on nothing less,Richard,6158927,reported 17/04/24,,,,,,,,,,,,,,,,,,,,,
7/4/24,Goodness Of God,I love you Lord,Richard,7117726,reported 17/04/24,,,,,,,,,,,,,,,,,,,,,
7/4/24,His Mercy Is More,What love could remember no wrongs we have done,Richard,7065053,reported 17/04/24,,,,,,,,,,,,,,,,,,,,,
7/4/24,Rejoice,"Rejoice, come and lift your hands and raise your voice",Richard,7004663,reported 17/04/24,,,,,,,,,,,,,,,,,,,,,
7/4/24,Story Of The Cross,This is the story of the cross,Richard,7134315,reported 17/04/24,,,,,,,,,,,,,,,,,,,,,
14/04/24,I Stand Amazed,I stand amazed in the presence,Ben,25297,public domain,,,,,,,,,,,,,,,,,,,,,
14/04/24,Salvation's song,Loved before the dawn of time,Ben,5109630,reported 17/04/24,,,,,,,,,,,,,,,,,,,,,
14/04/24,Show us Christ,Prepare our hearts O God,Ben,6169253,reported 17/04/24,,,,,,,,,,,,,,,,,,,,,
14/04/24,This Is Amazing Grace,Who breaks the power of sin and darkness,Ben,6333821,reported 17/04/24,,,,,,,,,,,,,,,,,,,,,
14/04/24,When I Survey The Wondrous Cross,When I survey the wondrous cross,Ben,3296590,public domain,,,,,,,,,,,,,,,,,,,,,
21/04/24,Cornerstone,My hope is built on nothing less,Sue,6158927,reported 02/05/24,,,,,,,,,,,,,,,,,,,,,
21/04/24,I Cannot Tell,I cannot tell why He whom angels worship,Sue,110119,reported 02/05/24,,,,,,,,,,,,,,,,,,,,,
21/04/24,In Christ Alone,In Christ Alone,Sue,3350395,reported 02/05/24,,,,,,,,,,,,,,,,,,,,,
21/04/24,O Praise The Name,I cast my mind to Calvary,Sue,7037787,reported 02/05/24,,,,,,,,,,,,,,,,,,,,,
21/04/24,This I Believe (The Creed),Our Father everlasting,Sue,7018338,reported 02/05/24,,,,,,,,,,,,,,,,,,,,,
28/04/24,Beautiful Saviour,All my days I will sing this song of gladness,Ben,2492216,reported 02/05/24,,,,,,,,,,,,,,,,,,,,,
28/04/24,Come People Of The Risen King,Come people of the Risen King,Ben,5232617,reported 02/05/24,,,,,,,,,,,,,,,,,,,,,
28/04/24,Crown Him With Many Crowns,Crown Him with many crowns,Ben,23938,public domain,,,,,,,,,,,,,,,,,,,,,
28/04/24,Holy Holy Holy,Holy holy holy Lord God Almighty,Ben,1156,public domain,,,,,,,,,,,,,,,,,,,,,
28/04/24,King Of Kings Majesty,King of Kings majesty,Ben,1581778,reported 02/05/24,,,,,,,,,,,,,,,,,,,,,
5/5/24,How Great is Our God,"The splendour of the King, clothed in majesty",Richard,4348399,reported 16/05/24,,,,,,,,,,,,,,,,,,,,,
5/5/24,One Thing Remains (your love never fails),Your love never fails it never gives up,Richard,5508444,reported 16/05/24,,,,,,,,,,,,,,,,,,,,,
5/5/24,The Blessing,The Lord bless you,Richard,7147007,reported 16/05/24,,,,,,,,,,,,,,,,,,,,,
5/5/24,Way Maker,You are here moving in our midst,Richard,7115744,reported 16/05/24,,,,,,,,,,,,,,,,,,,,,
12/5/24,Be Thou My Vision,"Be Thou my vision, O Lord of my heart",Sue,3142950,reported 16/05/24,,,,,,,,,,,,,,,,,,,,,
12/5/24,Hear The Call Of The Kingdom,"Hear the call of the Kingdom, lift your eyes to the King.",Sue,4930752,reported 16/05/24,,,,,,,,,,,,,,,,,,,,,
12/5/24,Love Divine,Love divine all loves excelling,Sue,1461324,public domain,,,,,,,,,,,,,,,,,,,,,
12/5/24,O Church Arise,"O Church arise, and put your armour on;",Sue,4611992,reported 16/05/24,,,,,,,,,,,,,,,,,,,,,
12/5/24,The Power of your Love,"Hold me close, let your love surround me",Sue,917491,reported 16/05/24,,,,,,,,,,,,,,,,,,,,,
19/05/24,"10,000 Reasons","Bless the Lord, O my soul",Sue,6016351,reported 23/05/24,,,,,,,,,,,,,,,,,,,,,
19/05/24,"Come, Now is the Time to Worship","Come, now is the time to worship",Sue,2430948,reported 23/05/24,,,,,,,,,,,,,,,,,,,,,
19/05/24,Holy Holy Holy,Holy holy holy Lord God Almighty,Sue,1156,public domain,,,,,,,,,,,,,,,,,,,,,
19/05/24,How Great is Our God,"The splendour of the King, clothed in majesty",Sue,4348399,reported 23/05/24,,,,,,,,,,,,,,,,,,,,,
19/05/24,There Is A Higher Throne,There is a higher throne,Sue,3994672,reported 23/05/24,,,,,,,,,,,,,,,,,,,,,
26/05/04,The Solid Rock,On Christ the solid rock I stand,Richard,25417,public domain,,,,,,,,,,,,,,,,,,,,,
26/05/24,Behold Our God,Who has held the oceans in His hands?,Richard,5937510,reported 7/6/24,,,,,,,,,,,,,,,,,,,,,
26/05/24,How Great (Psalm 145),I'll bless Your name O God each day that I awake,Richard,7190356,reported 7/6/24,,,,,,,,,,,,,,,,,,,,,
26/05/24,Crown Him With Many Crowns,Crown Him with many crowns,Richard,23938,public domain,,,,,,,,,,,,,,,,,,,,,
2/6/24,"Come, Now is the Time to Worship","Come, now is the time to worship",Richard,2430948,reported 7/6/24,,,,,,,,,,,,,,,,,,,,,
2/6/24,Thank you God,,Richard,@Richard,,,,,,,,,,,,,,,,,,,,,,
2/6/24,Faithful One,Faithful one so unchanging,Richard,465840,reported 7/6/24,,,,,,,,,,,,,,,,,,,,,
2/6/24,Story Of The Cross,This is the story of the cross,Richard,7134315,reported 7/6/24,,,,,,,,,,,,,,,,,,,,,
2/6/24,Waymaker,You are here moving in our midst,Richard,7115744,reported 7/6/24,,,,,,,,,,,,,,,,,,,,,
9/6/24,Indescribable,From the highest of heights to the depths of the sea,Ben,4403076,reported 20/06/24,,,,,,,,,,,,,,,,,,,,,
9/6/24,You Alone Can Rescue,Who O Lord could save themselves,Ben,5376377,reported 20/06/24,,,,,,,,,,,,,,,,,,,,,
9/6/24,Praise My Soul The King Of Heaven,Praise my soul the King of heaven,Ben,800443,public domain,,,,,,,,,,,,,,,,,,,,,
9/6/24,And Can It Be,And can it be that I should gain,Ben,25280,public domain,,,,,,,,,,,,,,,,,,,,,
16/06/24,Rejoice,"Rejoice, come and lift your hands and raise your voice",Ben,7004663,reported 20/06/24,,,,,,,,,,,,,,,,,,,,,
16/06/24,There Is A Higher Throne,There is a higher throne,Ben,3994672,reported 20/06/24,,,,,,,,,,,,,,,,,,,,,
16/06/24,Blessed Assurance,Blessed assurance Jesus is mine,Ben,2645094,public domain,,,,,,,,,,,,,,,,,,,,,
16/06/24,To God Be The Glory,To God be the glory great things He has done,Ben,23426,public domain,,,,,,,,,,,,,,,,,,,,,
16/06/24,Blessed Be Your Name,Blessed be Your name,Ben,3798438,reported 20/06/24,,,,,,,,,,,,,,,,,,,,,
23/06/24,Great Is The Lord,Great is the Lord and most worthy of praise,Richard,10769,reported 13/07/24,,,,,,,,,,,,,,,,,,,,,
23/06/24,Always Enough (You are God),What you choose to give us,Richard,N/A,-,,,,,,,,,,,,,,,,,,,,,
23/06/24,Yet Not I But Through Christ In Me,What gift of grace is Jesus my redeemer,Richard,7121852,reported 13/07/24,,,,,,,,,,,,,,,,,,,,,
23/06/24,Lord For The Years,Lord for the years,Richard,224957,reported 13/07/24,,,,,,,,,,,,,,,,,,,,,
23/06/24,Now thank we all our God,Now thank we all our God,Richard,7197414,reported 13/07/24,,,,,,,,,,,,,,,,,,,,,
30/06/24,Build Your Kingdom Here,Come set Your rule and reign,Sue,6186078,reported 13/07/24,,,,,,,,,,,,,,,,,,,,,
30/06/24,Be Free in the Love of God,Be free in the love of God,Sue,1101684,reported 13/07/24,,,,,,,,,,,,,,,,,,,,,
30/06/24,Every Promise,From the breaking of the dawn,Sue,4642105,reported 13/07/24,,,,,,,,,,,,,,,,,,,,,
30/06/24,Trinity Hymn,We are heirs of God Almighty,Sue,4001777,reported 13/07/24,,,,,,,,,,,,,,,,,,,,,
30/06/24,Everlasting God,Strength will rise as we wait upon the Lord,Sue,4556538,reported 13/07/24,,,,,,,,,,,,,,,,,,,,,
7/7/24,Only By Grace,Only by grace can we enter,Richard,190579,reported 13/07/24,,,,,,,,,,,,,,,,,,,,,
7/7/24,Amazing Grace,"Amazing grace, how sweet the sound",Richard,2762836,public domain,,,,,,,,,,,,,,,,,,,,,
7/7/24,Shine Jesus Shine,Lord the light of Your love is shining,Richard,30426,reported 13/07/24,,,,,,,,,,,,,,,,,,,,,
7/7/24,Always Enough (You are God),What you choose to give us,Richard,N/A,-,,,,,,,,,,,,,,,,,,,,,
7/7/24,In Christ Alone,In Christ alone my hope is found,Richard,3350395,reported 13/07/24,,,,,,,,,,,,,,,,,,,,,
14/07/24,Be Thou My Vision (Slane),"Be Thou my vision, O Lord of my heart",Ben,3142950,reported 18/07/24,,,,,,,,,,,,,,,,,,,,,
14/07/24,We Shall Stand,We shall stand,Ben,30574,reported 18/07/24,,,,,,,,,,,,,,,,,,,,,
14/07/24,Be Still,Be still for the presence of the Lord,Ben,120824,reported 18/07/24,,,,,,,,,,,,,,,,,,,,,
14/07/24,Tell Out My Soul,Tell out my soul the greatness of the Lord,Ben,2402653,reported 18/07/24,,,,,,,,,,,,,,,,,,,,,
21/07/24,Come People Of The Risen King,Come people of the Risen King,Sue,5232617,public domain,,,,,,,,,,,,,,,,,,,,,
21/07/24,Blessed Be Your Name,Blessed be Your name,Sue,3798438,reported 17/08/24,,,,,,,,,,,,,,,,,,,,,
21/07/24,Joy Of The Lord,Though the tears may fall my song will rise,Sue,7047091,reported 17/08/24,,,,,,,,,,,,,,,,,,,,,
21/07/24,Open The Eyes Of My Heart,Open the eyes of my heart Lord,Sue,2298355,reported 17/08/24,,,,,,,,,,,,,,,,,,,,,
21/07/24,I Will Sing The Wondrous Story,I will sing the wondrous story,Sue,2645726,public domain,,,,,,,,,,,,,,,,,,,,,
28/07/24,You Never Let Go,Even though I walk through the valley,Ben,4674166,reported 17/08/24,,,,,,,,,,,,,,,,,,,,,
28/07/24,Story Of The Cross,This is the story of the cross,Ben,7134315,reported 17/08/24,,,,,,,,,,,,,,,,,,,,,
28/07/24,Christ be our light,"Longing for light, we wait in darkness",Ben,,,,,,,,,,,,,,,,,,,,,,,
28/07/24,Praise My Soul The King Of Heaven,Praise my soul the King of heaven,Ben,800443,public domain,,,,,,,,,,,,,,,,,,,,,
4/8/24,How Great (Psalm 145),I'll bless Your name O God each day that I awake,Richard,7190356,reported 17/08/24,,,,,,,,,,,,,,,,,,,,,
4/8/24,Majesty,Here I am,Richard,4219071,reported 17/08/24,,,,,,,,,,,,,,,,,,,,,
4/8/24,King Of Kings Majesty,King of Kings majesty,Richard,1581778,reported 17/08/24,,,,,,,,,,,,,,,,,,,,,
4/8/24,I Stand Amazed,I stand amazed in the presence,Richard,25297,public domain,,,,,,,,,,,,,,,,,,,,,
11/8/24,King of the Ages,King of the ages,Ben,3707663,reported 17/08/24,,,,,,,,,,,,,,,,,,,,,
11/8/24,He Will Hold Me Fast,When I fear my faith will fail,Ben,7016161,reported 17/08/24,,,,,,,,,,,,,,,,,,,,,
11/8/24,The Servant King,From heav'n You came helpless babe,Ben,78897,reported 17/08/24,,,,,,,,,,,,,,,,,,,,,
11/8/24,Lord For The Years,Lord for the years,Ben,224957,reported 17/08/24,,,,,,,,,,,,,,,,,,,,,
18/08/24,Give me oil,Give me oil in my lamp,Richard,4755580,public domain,,,,,,,,,,,,,,,,,,,,,
18/08/24,Thanksgiving (what shall we do),Enter in His courts with praise,Richard,7199589,reported 12/09/24,,,,,,,,,,,,,,,,,,,,,
18/08/24,Majesty,Here I am,Richard,4219071,reported 12/09/24,,,,,,,,,,,,,,,,,,,,,
18/08/24,Great is thy faithfulness,"Great is thy faithfulness, O God my Father",Richard,18723,reported 12/09/24,,,,,,,,,,,,,,,,,,,,,
18/08/24,Living Hope,How great the chasm that lay between us,Richard,7106807,reported 12/09/24,,,,,,,,,,,,,,,,,,,,,
25/08/24,You Never Let Go,Even though I walk through the valley,Sue,4674166,reported 12/09/24,,,,,,,,,,,,,,,,,,,,,
25/08/24,Faithful One,Faithful one so unchanging,Sue,465840,reported 12/09/24,,,,,,,,,,,,,,,,,,,,,
25/08/24,Rejoice,"Rejoice, come and lift your hands and raise your voice",Sue,7004663,reported 12/09/24,,,,,,,,,,,,,,,,,,,,,
25/08/24,Christ Our Hope In Life And Death,Christ our hope in life and death,Sue,7147502,reported 12/09/24,,,,,,,,,,,,,,,,,,,,,
25/08/24,"Praise to the Lord, the Almighty","Praise to the Lord, the Almighty",Sue,43073,public domain,,,,,,,,,,,,,,,,,,,,,
1/9/24,Thanksgiving (what shall we do),Enter in His courts with praise,Richard,7199589,reported 12/09/24,,,,,,,,,,,,,,,,,,,,,
1/9/24,Behold Our God,Who has held the oceans in His hands?,Richard,5937510,reported 12/09/24,,,,,,,,,,,,,,,,,,,,,
1/9/24,Story Of The Cross,This is the story of the cross,Richard,7134315,reported 12/09/24,,,,,,,,,,,,,,,,,,,,,
1/9/24,Thank you God,When I get it wrong,Richard,@Richard,,,,,,,,,,,,,,,,,,,,,,
1/9/24,The Blessing,The Lord bless you,Richard,7147007,reported 12/09/24,,,,,,,,,,,,,,,,,,,,,
8/9/24,Hope of the Nations,Jesus hope of the nations,Sue,3540703,reported 12/09/24,,,,,,,,,,,,,,,,,,,,,
8/9/24,Across The Lands,You're the Word of God the Father,Sue,3709898,reported 12/09/24,,,,,,,,,,,,,,,,,,,,,
8/9/24,Every Promise,From the breaking of the dawn,Sue,4642105,reported 12/09/24,,,,,,,,,,,,,,,,,,,,,
8/9/24,O Church Arise,"O Church arise, and put your armour on;",Sue,4611992,reported 12/09/24,,,,,,,,,,,,,,,,,,,,,
15/09/24,To God Be The Glory,To God be the glory great things He has done,Ben,23426,public domain,,,,,,,,,,,,,,,,,,,,,
15/09/24,Rejoice,"Rejoice, come and lift your hands and raise your voice",Ben,7004663,reported 20/09/24,,,,,,,,,,,,,,,,,,,,,
15/09/24,Refiner's Fire,Purify my heart,Ben,426298,reported 20/09/24,,,,,,,,,,,,,,,,,,,,,
15/09/24,Blessed Assurance,Blessed assurance Jesus is mine,Ben,2645094,public domain,,,,,,,,,,,,,,,,,,,,,
15/09/24,Build Your Kingdom Here,Come set Your rule and reign,Ben,6186078,reported 20/09/24,,,,,,,,,,,,,,,,,,,,,
22/09/24,Rejoice the Lord is King,Rejoice the Lord is King,Sue,1825142,public domain,,,,,,,,,,,,,,,,,,,,,
22/09/24,"10,000 Reasons","Bless the Lord, O my soul",Sue,6016351,reported 10/10/24,,,,,,,,,,,,,,,,,,,,,
22/09/24,Across The Lands,You're the Word of God the Father,Sue,3709898,reported 10/10/24,,,,,,,,,,,,,,,,,,,,,
22/09/24,Saviour of the World,"God so loved, that He gave His son",Sue,5742169,reported 10/10/24,,,,,,,,,,,,,,,,,,,,,
22/09/24,I Cannot Tell,I cannot tell why He whom angels worship,Sue,110119,reported 10/10/24,,,,,,,,,,,,,,,,,,,,,
29/09/24,Waymaker,You are here moving in our midst,Richard,7115744,reported 10/10/24,,,,,,,,,,,,,,,,,,,,,
29/09/24,Psalm 23,The lord's my Shepherd I'll not want,Richard,1585970,reported 10/10/24,,,,,,,,,,,,,,,,,,,,,
29/09/24,Yet Not I But Through Christ In Me,What gift of grace is Jesus my redeemer,Richard,7121852,reported 10/10/24,,,,,,,,,,,,,,,,,,,,,
29/09/24,Turn Your Eyes Upon Jesus,O soul are you weary and troubled,Richard,15960,reported 10/10/24,,,,,,,,,,,,,,,,,,,,,
29/09/24,Be Thou My Vision,"Be Thou my vision, O Lord of my heart",Richard,3142950,reported 10/10/24,,,,,,,,,,,,,,,,,,,,,
6/10/24,Lord For The Years,Lord for the years,Richard,224957,reported 10/10/24,,,,,,,,,,,,,,,,,,,,,
13/10/24,Praise My Soul The King Of Heaven,Praise my soul the King of heaven,Sue,800443,public domain,,,,,,,,,,,,,,,,,,,,,
13/10/24,Joy Of The Lord,Though the tears may fall my song will rise,Sue,7047091,reported 25/10/23,,,,,,,,,,,,,,,,,,,,,
13/10/24,Turn Your Eyes Upon Jesus,Turn Your Eyes Upon Jesus,Sue,4487205,reported 25/10/23,,,,,,,,,,,,,,,,,,,,,
13/10/24,You have loved me (Father me),You have loved me with such perfect love,Sue,4709866,reported 25/10/23,,,,,,,,,,,,,,,,,,,,,
13/10/24,Rejoice,"Rejoice, come and lift your hands and raise your voice",Sue,7004663,reported 25/10/23,,,,,,,,,,,,,,,,,,,,,
13/10/24,Be Thou My Vision,"Be Thou my vision, O Lord of my heart",Sue,30639,Public domain,,,,,,,,,,,,,,,,,,,,,
20/10/24,Forever,Give thanks to the Lord,Ben,3148428,reported 25/10/23,,,,,,,,,,,,,,,,,,,,,
20/10/24,Beautiful Saviour,All my days I will sing this song of gladness,Ben,2492216,reported 25/10/23,,,,,,,,,,,,,,,,,,,,,
20/10/24,Hosanna (Praise Is Rising),Praise is rising,Ben,4662491,reported 25/10/23,,,,,,,,,,,,,,,,,,,,,
20/10/24,Christ be our light,"Longing for light, we wait in darkness",Ben,?,,,,,,,,,,,,,,,,,,,,,,
20/10/24,Guide Me O Thy Great Redeemer,Guide me O Thou great Redeemer,Ben,1448,Public domain,,,,,,,,,,,,,,,,,,,,,
27/10/24,Holy Holy Holy,Holy holy holy Lord God Almighty,Sue,1156,Public domain,,,,,,,,,,,,,,,,,,,,,
27/10/24,His Mercy Is More,What love could remember no wrongs we have done,Sue,7065053,reported 7/11/24,,,,,,,,,,,,,,,,,,,,,
27/10/24,Christ Our Hope In Life And Death,Christ our hope in life and death,Sue,7147502,reported 7/11/24,,,,,,,,,,,,,,,,,,,,,
27/10/24,King of the Ages,King of the ages,Sue,3707663,reported 7/11/24,,,,,,,,,,,,,,,,,,,,,
27/10/24,Alleluia Sing To Jesus,Alleluia sing to Jesus,Sue,3255892,reported 7/11/24,,,,,,,,,,,,,,,,,,,,,
3/11/24,Give Thanks,Give thanks with a grateful heart,Richard,20285,reported 7/11/24,,,,,,,,,,,,,,,,,,,,,
3/11/24,Alleluia Praise the Lord,Allelu Allelu Alleu Alleluia,Richard,217751,reported 7/11/24,,,,,,,,,,,,,,,,,,,,,
3/11/24,Blessed be the name,Blessed be your name,Richard,3798438,reported 7/11/24,,,,,,,,,,,,,,,,,,,,,
3/11/24,O Lord my God,O Lord my God when I in awesome wonder,Richard,7195204,reported 7/11/24,,,,,,,,,,,,,,,,,,,,,
10/11/24,O God be all praising,O God be all praising we worship you today,Sue,649532,reported 21/11/24,,,,,,,,,,,,,,,,,,,,,
10/11/24,Apostle's Creed,I believe in God the Father,Sue,4001650,reported 21/11/24,,,,,,,,,,,,,,,,,,,,,
10/11/24,Every Promise,From the breaking of the dawn,Sue,4642105,reported 21/11/24,,,,,,,,,,,,,,,,,,,,,
10/11/24,Remembrance Hymn,O Lord we look upon the past,Sue,7120048,reported 21/11/24,,,,,,,,,,,,,,,,,,,,,
10/11/24,O Church Arise,"O Church arise, and put your armour on;",Sue,4611992,reported 21/11/24,,,,,,,,,,,,,,,,,,,,,
17/11/24,Rejoice the Lord is King,Rejoice the Lord is King,Ben,7125867,reported 21/11/24,,,,,,,,,,,,,,,,,,,,,
17/11/24,King Of Kings Majesty,King of Kings majesty,Ben,1581778,reported 21/11/24,,,,,,,,,,,,,,,,,,,,,
17/11/24,Jesus Shall Take The Highest Honour,Jesus shall take the highest honour,Ben,451380,reported 21/11/24,,,,,,,,,,,,,,,,,,,,,
17/11/24,Knowing You,All I once held dear built my life upon,Ben,1045238,reported 21/11/24,,,,,,,,,,,,,,,,,,,,,
17/11/24,And Can It Be,And can it be that I should gain,Ben,25280,public domain,,,,,,,,,,,,,,,,,,,,,
24/11/24,Christ Triumphant Ever Reigning,Christ triumphant ever reigning,Sue,647778,reported 30/11/24,,,,,,,,,,,,,,,,,,,,,
24/11/24,I Choose To Worship,I choose to worship I choose to bow,Sue,7145862,reported 30/11/24,,,,,,,,,,,,,,,,,,,,,
24/11/24,Our God,Water you turned into wine,Sue,5677416,reported 30/11/24,,,,,,,,,,,,,,,,,,,,,
24/11/24,Yet Not I But Through Christ In Me,What gift of grace is Jesus my redeemer,Sue,7121852,reported 30/11/24,,,,,,,,,,,,,,,,,,,,,
24/11/24,Build Your Kingdom Here,Come set Your rule and reign,Sue,6186078,reported 30/11/24,,,,,,,,,,,,,,,,,,,,,
1/12/24,Hark the glad sound,Hark the glad sound the saviour comes,Sue,1630038,reported 5/12/24,,,,,,,,,,,,,,,,,,,,,
1/12/24,Lord you were rich,Lord you were rich beyong all splendour,Sue,4755913,reported 5/12/24,,,,,,,,,,,,,,,,,,,,,
1/12/24,O Little Town of Bethlehem,O Little Town of Bethlehem,Sue,1741697,public domain,,,,,,,,,,,,,,,,,,,,,
1/12/24,Hark the herald,Hark the herald angels sing,Sue,27738,public domain,,,,,,,,,,,,,,,,,,,,,
1/12/24,Noel,Love incarnate love divine,Richard,7050419,reported 5/12/24,,,,,,,,,,,,,,,,,,,,,
1/12/24,O Come All Ye Faithful (Adeste Fideles),O come all ye faithful,Richard,4758525,public domain,,,,,,,,,,,,,,,,,,,,,
1/12/24,The Servant King,From heav'n You came helpless babe,Richard,78897,reported 5/12/24,,,,,,,,,,,,,,,,,,,,,
1/12/24,Follow the star,,Richard,Written by Richard,N/A,,,,,,,,,,,,,,,,,,,,,
1/12/24,I stand in awe,When I consider,Richard,7101945,reported 5/12/24,,,,,,,,,,,,,,,,,,,,,
8/12/24,"Immortal, invisible, God only wise","Immortal, invisible, God only wise",Sue,124466,public domain,,,,,,,,,,,,,,,,,,,,,
8/12/24,Angels from the realms of glory,Angels from the realms of glory,Sue,2402828,public domain,,,,,,,,,,,,,,,,,,,,,
8/12/24,Mighty to Save,Everyone needs compassion,Sue,4591782,reported 21/12/24,,,,,,,,,,,,,,,,,,,,,
8/12/24,Forever,Give thanks to the Lord,Sue,3148428,reported 21/12/24,,,,,,,,,,,,,,,,,,,,,
8/12/24,Joy To The World,Joy to the world the Lord is come,Sue,24016,public domain,,,,,,,,,,,,,,,,,,,,,
15/12/24,O Come O Come Emmanuel,O come O come Emmanuel,Ben,31982,public domain,,,,,,,,,,,,,,,,,,,,,
15/12/24,O Little Town of Bethlehem,O Little Town of Bethlehem,Ben,1741697,public domain,,,,,,,,,,,,,,,,,,,,,
15/12/24,Everlasting God,Strength will rise as we wait upon the Lord,Ben,4556538,reported 21/12/24,,,,,,,,,,,,,,,,,,,,,
15/12/24,Hark The Herald Angels Sing (Mendelssohn),Hark the herald angels sing,Ben,27738,public domain,,,,,,,,,,,,,,,,,,,,,
22/12/24,Come and join the celebration,Come and join the celebration,Ben,By Valerie Collison c 1972,,,,,,,,,,,,,,,,,,,,,,
22/12/24,We three kings,We three Kings of Orient are,Ben,38002,public domain,,,,,,,,,,,,,,,,,,,,,
22/12/24,Follow the star,Come and follow the star,Richard,N/A,,,,,,,,,,,,,,,,,,,,,,
22/12/24,God rest ye merry gentlemen,God rest ye merry gentlemen,Ben,7162476,reported 4/1/25,,,,,,,,,,,,,,,,,,,,,
22/12/24,O Come All Ye Faithful (Adeste Fideles),O come all ye faithful,Sue,4758525,public domain,,,,,,,,,,,,,,,,,,,,,
22/12/24,O Come O Come Emmanuel,O Come O Come Emmanuel,Sue,267890,public domain,,,,,,,,,,,,,,,,,,,,,
22/12/24,O Little Town of Bethlehem,O Little Town of Bethlehem,Sue,1741697,public domain,,,,,,,,,,,,,,,,,,,,,
22/12/24,Joy To The World,Joy to the world the Lord is come,Sue,24016,public domain,,,,,,,,,,,,,,,,,,,,,
22/12/24,Once in Royal David's City,Once in Royal David's City,Sue,197156,public domain,,,,,,,,,,,,,,,,,,,,,
22/12/24,In the bleak midwinter,In the bleak midwinter,Sue,294736,public domain,,,,,,,,,,,,,,,,,,,,,
22/12/24,Hark The Herald Angels Sing (Mendelssohn),Hark the herald angels sing,Sue,27738,public domain,,,,,,,,,,,,,,,,,,,,,
24/12/24,Follow the star,Come and follow the star,Richard,Written by Richard,N/A,,,,,,,,,,,,,,,,,,,,,
24/12/24,Away In A Manger,Away in a manger,Richard,38583,public domain,,,,,,,,,,,,,,,,,,,,,
24/12/24,Noel,Love incarnate love divine,Richard,7050419,reported 4/1/25,,,,,,,,,,,,,,,,,,,,,
24/12/24,The Blessing,The Lord bless you,Richard,7147007,reported 4/1/25,,,,,,,,,,,,,,,,,,,,,
25/12/24,Hark The Herald Angels Sing (Mendelssohn),Hark the herald angels sing,Richard,27738,public domain,,,,,,,,,,,,,,,,,,,,,
25/12/24,Noel,Love incarnate love divine,Richard,7050419,reported 4/1/25,,,,,,,,,,,,,,,,,,,,,
25/12/24,Joy To The World,Joy to the world the Lord is come,Richard,24016,public domain,,,,,,,,,,,,,,,,,,,,,
25/12/24,O Come All Ye Faithful (Adeste Fideles),O come all ye faithful,Richard,4758525,public domain,,,,,,,,,,,,,,,,,,,,,
29/12/24,Many Years Ago,Many years ago in a stable far away,Ben,"Words by Rev Barry Shipley
(to tune of Jingle Bells)",,,,,,,,,,,,,,,,,,,,,,
29/12/24,The virgin Mary had a baby boy,The virgin Mary had a baby boy,Ben,5743993,reported 4/1/25,,,,,,,,,,,,,,,,,,,,,
29/12/24,Here I Am to Worship,Light of the world You stepped down into darkness,Ben,3266032,reported 4/1/25,,,,,,,,,,,,,,,,,,,,,
29/12/24,Lord For The Years,Lord for the years,Ben,224957,reported 4/1/25,,,,,,,,,,,,,,,,,,,,,
5/1/25,How Great (Psalm 145),I'll bless Your name O God each day that I awake,Richard,7190356,reported 9/1/25,,,,,,,,,,,,,,,,,,,,,
5/1/25,"10,000 Reasons","Bless the Lord, O my soul",Richard,6016351,reported 9/1/25,,,,,,,,,,,,,,,,,,,,,
5/1/25,I stand in awe,When I consider,Richard,7101945,reported 9/1/25,,,,,,,,,,,,,,,,,,,,,
5/1/25,Holy Holy Holy,Holy holy holy Lord God Almighty,Richard,1156,Public domain,,,,,,,,,,,,,,,,,,,,,
5/1/25,And Can It Be,And can it be that I should gain,Richard,25280,public domain,,,,,,,,,,,,,,,,,,,,,
12/1/25,We Shall Stand,We shall stand,Ben,30574,reported 16/1/25,,,,,,,,,,,,,,,,,,,,,
12/1/25,When I Survey The Wondrous Cross,When I survey the wondrous cross,Ben,3296590,public domain,,,,,,,,,,,,,,,,,,,,,
12/1/25,Lord Reign In Me,Over all the earth,Ben,2490706,reported 16/1/25,,,,,,,,,,,,,,,,,,,,,
12/1/25,Knowing You,All I once held dear built my life upon,Ben,1045238,reported 16/1/25,,,,,,,,,,,,,,,,,,,,,
12/1/25,In Christ Alone,In Christ alone my hope is found,Ben,3350395,reported 16/1/25,,,,,,,,,,,,,,,,,,,,,
19/01/25,Indescribable,From the highest of heights to the depths of the sea,Richard,4403076,reported 19/1/25,,,,,,,,,,,,,,,,,,,,,
19/01/25,Ancient of Days,Thou the nations rage,Richard,7121851,reported 19/1/25,,,,,,,,,,,,,,,,,,,,,
19/01/25,How Great Thou Art,O Lord my God when I in awesome wonder,Richard,14181,reported 19/1/25,,,,,,,,,,,,,,,,,,,,,
19/01/25,I stand in awe,When I consider,Richard,7101945,reported 19/1/25,,,,,,,,,,,,,,,,,,,,,
19/01/25,Always Enough (You are God),What you choose to give us,Richard,N/A,reported 26/1/25,,,,,,,,,,,,,,,,,,,,,
26/01/25,Great Things,Come let us worship our King.,Ben,7111321,reported 26/1/25,,,,,,,,,,,,,,,,,,,,,
26/01/25,His Mercy Is More,What love could remember no wrongs we have done,Ben,7065053,reported 26/1/25,,,,,,,,,,,,,,,,,,,,,
26/01/25,Yet Not I But Through Christ In Me,What gift of grace is Jesus my redeemer,Ben,7121852,reported 26/1/25,,,,,,,,,,,,,,,,,,,,,
26/01/25,Holy Spirit,Holy Spirit living Breath of God,Ben,4779872,reported 26/1/25,,,,,,,,,,,,,,,,,,,,,
26/01/25,Great is thy faithfulness,"Great is thy faithfulness, O God my Father",Ben,18723,reported 26/1/25,,,,,,,,,,,,,,,,,,,,,
2/2/25,How Great (Psalm 145),I'll bless Your name O God each day that I awake,Richard,7190356,reported 2/2/25,,,,,,,,,,,,,,,,,,,,,
2/2/25,Story Of The Cross,This is the story of the cross,Richard,7134315,reported 2/2/25,,,,,,,,,,,,,,,,,,,,,
2/2/25,Ancient of Days,Thou the nations rage,Richard,7121851,reported 2/2/25,,,,,,,,,,,,,,,,,,,,,
2/2/25,Jesus Is The Mighty Mighty King,Jesus is the mighty mighty King,Richard,2599982,reported 2/2/25,,,,,,,,,,,,,,,,,,,,,
2/2/25,Great Things,Come let us worship our King.,Richard,7111321,reported 2/2/25,,,,,,,,,,,,,,,,,,,,,
9/2/25,Rejoice the Lord is King,Rejoice the Lord is King,Ben,7125867,reported 22/2/25,,,,,,,,,,,,,,,,,,,,,
9/2/25,We Shall Stand,We shall stand,Ben,30574,reported 22/2/25,,,,,,,,,,,,,,,,,,,,,
9/2/25,As The Deer,As the deer pants for the water,Ben,1431,reported 22/2/25,,,,,,,,,,,,,,,,,,,,,
9/2/25,Rejoice,"Rejoice, come and lift your hands and raise your voice",Ben,7004663,reported 22/2/25,,,,,,,,,,,,,,,,,,,,,
9/2/25,Restore O Lord,Restore O Lord the honour of your name,Ben,40571,reported 22/2/25,,,,,,,,,,,,,,,,,,,,,
16/02/25,Come People Of The Risen King,Come people of the Risen King,Ben,5232617,reported 16/2/25,,,,,,,,,,,,,,,,,,,,,
16/02/25,Salvation's song,Loved before the dawn of time,Ben,5109630,reported 16/2/25,,,,,,,,,,,,,,,,,,,,,
16/02/25,Is He Worthy?,Do you feel the world is broken?,Ben,7108951,reported 16/2/25,,,,,,,,,,,,,,,,,,,,,
16/02/25,Show us Christ,Prepare our hearts O God,Ben,6169253,reported 16/2/25,,,,,,,,,,,,,,,,,,,,,
16/02/25,Love Divine,Love divine all loves excelling,Ben,1038991,reported 16/2/25,,,,,,,,,,,,,,,,,,,,,
23/02/25,Faithful One,Faithful one so unchanging,Richard,465840,reported 6/03/25,,,,,,,,,,,,,,,,,,,,,
23/02/25,How Great Thou Art,O Lord my God when I in awesome wonder,Richard,14181,reported 6/03/25,,,,,,,,,,,,,,,,,,,,,
23/02/25,The Servant King,From heav'n You came helpless babe,Richard,78897,reported 6/03/25,,,,,,,,,,,,,,,,,,,,,
23/02/25,Crown Him With Many Crowns,Crown Him with many crowns,Richard,23938,public domain,,,,,,,,,,,,,,,,,,,,,
2/3/25,And Can It Be,And can it be that I should gain,Ben,25280,public domain,,,,,,,,,,,,,,,,,,,,,
2/3/25,Refiner's Fire,Purify my heart,Ben,426298,reported 2/03/25,,,,,,,,,,,,,,,,,,,,,
2/3/25,He Will Hold Me Fast,When I fear my faith will fail,Ben,7016161,reported 2/03/25,,,,,,,,,,,,,,,,,,,,,
2/3/25,My Lighthouse,In my wrestling and in my doubts,Ben,7002032,reported 2/03/25,,,,,,,,,,,,,,,,,,,,,
2/3/25,In Christ Alone,In Christ alone my hope is found,Ben,3350395,reported 2/03/25,,,,,,,,,,,,,,,,,,,,,
9/3/25,Be Thou My Vision,"Be Thou my vision, O Lord of my heart",Sue,30639,public domain,,,,,,,,,,,,,,,,,,,,,
9/3/25,Be The Centre,"Jesus, be the Centre",Sue,2650429,reported 13/03/25,,,,,,,,,,,,,,,,,,,,,
9/3/25,Love Incarnate,With a prayer you fed the hungry,Sue,3709829,reported 13/03/25,,,,,,,,,,,,,,,,,,,,,
9/3/25,Yet Not I But Through Christ In Me,What gift of grace is Jesus my redeemer,Sue,7121852,reported 13/03/25,,,,,,,,,,,,,,,,,,,,,
9/3/25,O Church Arise,"O Church arise, and put your armour on;",Sue,4611992,reported 13/03/25,,,,,,,,,,,,,,,,,,,,,
16/03/25,Tell Out My Soul,Tell out my soul the greatness of the Lord,Richard,2402653,reported 16/03/25,,,,,,,,,,,,,,,,,,,,,
16/03/25,"10,000 Reasons","Bless the Lord, O my soul",Richard,6016351,reported 16/03/25,,,,,,,,,,,,,,,,,,,,,
16/03/25,How Great (Psalm 145),I'll bless Your name O God each day that I awake,Richard,7190356,reported 16/03/25,,,,,,,,,,,,,,,,,,,,,
16/03/25,Ancient of Days,Thou the nations rage,Richard,7121851,reported 16/03/25,,,,,,,,,,,,,,,,,,,,,
16/03/25,Speak O Lord,Speak O Lord as we come to You,Richard,4615235,reported 16/03/25,,,,,,,,,,,,,,,,,,,,,
23/03/25,All Creatures Of Our God And King,All creatures of our God and King,Ben,2846264,public domain,,,,,,,,,,,,,,,,,,,,,
23/03/25,Great Things,Come let us worship our King.,Ben,7111321,reported 23/03/25,,,,,,,,,,,,,,,,,,,,,
23/03/25,Hope of the Nations,Jesus hope of the nations,Ben,3540703,reported 23/03/25,,,,,,,,,,,,,,,,,,,,,
23/03/25,How Deep The Father's Love For Us,How deep the Father's love for us,Ben,1558110,reported 23/03/25,,,,,,,,,,,,,,,,,,,,,
23/03/25,I Cannot Tell,I cannot tell why He whom angels worship,Ben,110119,reported 23/03/25,,,,,,,,,,,,,,,,,,,,,
30/03/25,"Praise to the Lord, the Almighty","Praise to the Lord, the Almighty",Sue,43073,public domain,,,,,,,,,,,,,,,,,,,,,
30/03/25,All Heaven Declares,All heaven declares,Sue,120556,reported 24/04/25,,,,,,,,,,,,,,,,,,,,,
30/03/25,King Of Kings Majesty,King of Kings majesty,Sue,1581778,reported 24/04/25,,,,,,,,,,,,,,,,,,,,,
30/03/25,Before The Throne Of God,Before the throne of God above,Sue,990391,public domain,,,,,,,,,,,,,,,,,,,,,
30/03/25,Lord Of The Church,"Lord of the church, we pray for our renewing:",Sue,4524302,reported 24/04/25,,,,,,,,,,,,,,,,,,,,,
6/4/25,Amazing Grace (my chains are gone),Amazing grace how sweet the sound,Richard,4768151,reported 24/04/25,,,,,,,,,,,,,,,,,,,,,
6/4/25,This is Amazing Grace,Who breaks the power of sin and darkness,Richard,6333821,reported 24/04/25,,,,,,,,,,,,,,,,,,,,,
6/4/25,Yet Not I But Through Christ In Me,What gift of grace is Jesus my redeemer,Richard,7121852,reported 24/04/25,,,,,,,,,,,,,,,,,,,,,
6/4/25,Always Enough (You are God),"You are good, you are gracious",Richard,By Richard and Jo Heywood,,,,,,,,,,,,,,,,,,,,,,
6/4/25,Behold our God,Who has held the oceans in His hands?,Richard,5937510,reported 24/04/25,,,,,,,,,,,,,,,,,,,,,
6/4/25,How Great (Psalm 145),I'll bless Your name O God each day that I awake,Richard,7190356,,,,,,,,,,,,,,,,,,,,,,
13/04/25,Hosanna (Praise Is Rising),Praise is rising,Ben,4662491,reported 24/04/25,,,,,,,,,,,,,,,,,,,,,
13/04/25,There Is A Redeemer,There is a Redeemer Jesus God's own Son,Ben,11483,reported 24/04/25,,,,,,,,,,,,,,,,,,,,,
13/04/25,The Servant King,From heav'n You came helpless babe,Ben,78897,reported 24/04/25,,,,,,,,,,,,,,,,,,,,,
13/04/25,When I Survey The Wondrous Cross,When I survey the wondrous cross,Ben,3296590,public domain,,,,,,,,,,,,,,,,,,,,,
13/04/25,Ride On Ride On In Majesty,Ride On Ride On In Majesty,Ben,2725907,public domain,,,,,,,,,,,,,,,,,,,,,
20/04/25,Jesus Christ Is Risen Today,Jesus Christ is risen today,Sue,4958088,public domain,,,,,,,,,,,,,,,,,,,,,
20/04/25,The Power Of The Cross,Oh to see the dawn of the darkest day,Sue,4490766,reported 24/04/25,,,,,,,,,,,,,,,,,,,,,
20/04/25,He has risen,He has risen,Sue,1045252,reported 24/04/25,,,,,,,,,,,,,,,,,,,,,
20/04/25,Saviour of the World,"God so loved, that He gave His son",Sue,5742169,reported 24/04/25,,,,,,,,,,,,,,,,,,,,,
20/04/25,Thine be the glory,Thine be the glory risen conquering son,Sue,21837,public domain,,,,,,,,,,,,,,,,,,,,,
27/04/25,Great In Power,Praise Him you heavens,Ben,2582339,reported 7/5/25,,,,,,,,,,,,,,,,,,,,,
27/04/25,Waymaker,You are here moving in our midst,Ben,7115744,reported 7/5/25,,,,,,,,,,,,,,,,,,,,,
27/04/25,I will offer up my life,I will offer up my life in spirit and truth,Ben,1083764,reported 7/5/25,,,,,,,,,,,,,,,,,,,,,
27/04/25,At The Name Of Jesus (Camberwell),At the name of Jesus,Ben,38947,reported 7/5/25,,,,,,,,,,,,,,,,,,,,,
27/04/25,Once again,Jesus Christ I think upon your sacrifice,Ben,1564362,reported 7/5/25,,,,,,,,,,,,,,,,,,,,,
4/5/25,All Creatures Of Our God And King,All creatures of our God and King,Richard,2846264,public domain,,,,,,,,,,,,,,,,,,,,,
4/5/25,His Mercy Is More,What love could remember no wrongs we have done,Richard,7065053,reported 7/5/25,,,,,,,,,,,,,,,,,,,,,
4/5/25,Build My Life,Worthy of every song we could ever sing,Richard,7070345,reported 7/5/25,,,,,,,,,,,,,,,,,,,,,
4/5/25,Christ Our Hope In Life And Death,Christ our hope in life and death,Richard,7147502,reported 7/5/25,,,,,,,,,,,,,,,,,,,,,
4/5/25,Love Divine,Love divine all loves excelling,Richard,1038991,reported 7/5/25,,,,,,,,,,,,,,,,,,,,,
11/5/25,"Praise to the Lord, the Almighty","Praise to the Lord, the Almighty",Ben,43073,public domain,,,,,,,,,,,,,,,,,,,,,
11/5/25,Only By Grace,Only by grace can we enter,Ben,190579,reported 22/5/25,,,,,,,,,,,,,,,,,,,,,
11/5/25,Show us Christ,Prepare our hearts O God,Ben,6169253,reported 22/5/25,,,,,,,,,,,,,,,,,,,,,
11/5/25,I will offer up my life,I will offer up my life in spirit and truth,Ben,1083764,reported 22/5/25,,,,,,,,,,,,,,,,,,,,,
11/5/25,O Church Arise,"O Church arise, and put your armour on;",Ben,4611992,reported 22/5/25,,,,,,,,,,,,,,,,,,,,,
18/05/25,To God Be The Glory,To God be the glory great things He has done,Sue,23426,public domain,,,,,,,,,,,,,,,,,,,,,
18/05/25,Hope of the Nations,Jesus hope of the nations,Sue,3540703,reported 22/5/25,,,,,,,,,,,,,,,,,,,,,
18/05/25,By Faith,By faith we see the hand of God,Sue,5469291,reported 22/5/25,,,,,,,,,,,,,,,,,,,,,
18/05/25,Living Hope,How great the chasm that lay between us,Sue,7106807,reported 22/5/25,,,,,,,,,,,,,,,,,,,,,
18/05/25,Christ Our Hope In Life And Death,Christ our hope in life and death,Sue,7147502,reported 22/5/25,,,,,,,,,,,,,,,,,,,,,
25/05/25,Lord I Lift Your Name On High,Lord I lift Your name on high,Richard,117947,reported 31/5/25,,,,,,,,,,,,,,,,,,,,,
25/05/25,Ancient of Days,Every tongue in heaven and earth,Richard,798108,reported 31/5/25,,,,,,,,,,,,,,,,,,,,,
25/05/25,Jesus at the centre,Jesus be the centre of it all,Richard,6115180,reported 31/5/25,,,,,,,,,,,,,,,,,,,,,
25/05/25,I stand in awe,When I consider,Richard,7101945,reported 31/5/25,,,,,,,,,,,,,,,,,,,,,
25/05/25,Yet Not I But Through Christ In Me,What gift of grace is Jesus my redeemer,Richard,7121852,reported 31/5/25,,,,,,,,,,,,,,,,,,,,,
1/6/25,In Christ Alone,In Christ alone my hope is found,Sue,3350395,reported 9/6/25,,,,,,,,,,,,,,,,,,,,,
1/6/25,King of the Ages,King of the ages,Sue,3707663,reported 9/6/25,,,,,,,,,,,,,,,,,,,,,
1/6/25,Beautiful Saviour,All my days I will sing this song of gladness,Sue,2492216,reported 9/6/25,,,,,,,,,,,,,,,,,,,,,
1/6/25,Hear The Call Of The Kingdom,"Hear the call of the Kingdom, lift your eyes to the King.",Sue,4930752,reported 9/6/25,,,,,,,,,,,,,,,,,,,,,
1/6/25,Hymn of heaven,How I long to breathe the air of heaven,Sue,7168994,reported 9/6/25,,,,,,,,,,,,,,,,,,,,,
8/6/25,Build Your Kingdom Here,Come set Your rule and reign,Ben,6186078,reported 9/6/25,,,,,,,,,,,,,,,,,,,,,
8/6/25,In Christ Alone,In Christ alone my hope is found,Ben,3350395,reported 9/6/25,,,,,,,,,,,,,,,,,,,,,
8/6/25,Holy Spirit,Holy Spirit living Breath of God,Ben,4779872,reported 9/6/25,,,,,,,,,,,,,,,,,,,,,
8/6/25,Crown Him With Many Crowns,Crown Him with many crowns,Ben,23938,public domain,,,,,,,,,,,,,,,,,,,,,
8/6/25,Christus Victor,Now to the Lamb upon the throne,Ben,7245980,reported 9/6/25,,,,,,,,,,,,,,,,,,,,,
15/06/25,Holy Holy Holy,Holy holy holy Lord God Almighty,Sue,1156,public domain,,,,,,,,,,,,,,,,,,,,,
15/06/25,Hymn of heaven,How I long to breathe the air of heaven,Sue,7168994,reported 19/6/25,,,,,,,,,,,,,,,,,,,,,
15/06/25,"Immortal, invisible, God only wise","Immortal, invisible, God only wise",Sue,124466,public domain,,,,,,,,,,,,,,,,,,,,,
15/06/25,Rejoice,"Rejoice, come and lift your hands and raise your voice",Sue,7004663,reported 19/6/25,,,,,,,,,,,,,,,,,,,,,
15/06/25,And Can It Be,And can it be that I should gain,Sue,25280,public domain,,,,,,,,,,,,,,,,,,,,,
22/06/25,Tell Out My Soul,Tell out my soul the greatness of the Lord,Ben,2402653,reported 3/7/25,,,,,,,,,,,,,,,,,,,,,
22/06/25,Ancient of Days,Every tongue in heaven and earth,Ben,798108,reported 3/7/25,,,,,,,,,,,,,,,,,,,,,
22/06/25,Every Promise,From the breaking of the dawn,Ben,4642105,reported 3/7/25,,,,,,,,,,,,,,,,,,,,,
22/06/25,Before The Throne Of God,Before the throne of God above,Ben,990391,public domain,,,,,,,,,,,,,,,,,,,,,
22/06/25,Christus Victor,Now to the Lamb upon the throne,Ben,7245980,reported 3/7/25,,,,,,,,,,,,,,,,,,,,,
29/06/25,"10,000 Reasons","Bless the Lord, O my soul",Richard,6016351,reported 3/7/25,,,,,,,,,,,,,,,,,,,,,
29/06/25,How Great (Psalm 145),I'll bless Your name O God each day that I awake,Richard,7190356,reported 3/7/25,,,,,,,,,,,,,,,,,,,,,
29/06/25,Christus Victor,Now to the Lamb upon the throne,Richard,7245980,reported 3/7/25,,,,,,,,,,,,,,,,,,,,,
29/06/25,King Of Kings Majesty,King of Kings majesty,Richard,1581778,reported 3/7/25,,,,,,,,,,,,,,,,,,,,,
29/06/25,How Great Thou Art,O Lord my God when I in awesome wonder,Richard,14181,reported 3/7/25,,,,,,,,,,,,,,,,,,,,,
6/7/25,Amazing Grace (my chains are gone),Amazing grace how sweet the sound,Richard,4768151,reported 10/7/25,,,,,,,,,,,,,,,,,,,,,
6/7/25,Holy Holy Holy,Holy holy holy Lord God Almighty,Richard,1156,public domain,,,,,,,,,,,,,,,,,,,,,
6/7/25,Story Of The Cross,This is the story of the cross,Richard,7134315,reported 10/7/25,,,,,,,,,,,,,,,,,,,,,
6/7/25,Living Hope,How great the chasm that lay between us,Richard,7106807,reported 10/7/25,,,,,,,,,,,,,,,,,,,,,
6/7/25,Yet Not I But Through Christ In Me,What gift of grace is Jesus my redeemer,Richard,7121852,reported 10/7/25,,,,,,,,,,,,,,,,,,,,,
6/7/25,You need not fear,When you're lost and afraid,Richard,5345896,reported 10/7/25,,,,,,,,,,,,,,,,,,,,,
13/07/25,Come People Of The Risen King,Come people of the Risen King,Sue,5232617,reported 17/7/25,,,,,,,,,,,,,,,,,,,,,
13/07/25,Spirit Song,Oh let the Son of God enfold you,Sue,27824,reported 17/7/25,,,,,,,,,,,,,,,,,,,,,
13/07/25,Holy Spirit,Holy Spirit living Breath of God,Sue,4779872,reported 17/7/25,,,,,,,,,,,,,,,,,,,,,
13/07/25,Apostle's Creed,I believe in God the Father,Sue,4001650,reported 17/7/25,,,,,,,,,,,,,,,,,,,,,
13/07/25,Across The Lands,You're the Word of God the Father,Sue,3709898,reported 17/7/25,,,,,,,,,,,,,,,,,,,,,
20/07/25,Blessed be the name,Blessed be your name,Richard,3798438,reported 24/7/25,,,,,,,,,,,,,,,,,,,,,
20/07/25,Psalm 23,The lord's my Shepherd I'll not want,Richard,1585970,reported 24/7/25,,,,,,,,,,,,,,,,,,,,,
20/07/25,Ancient of Days,Every tongue in heaven and earth,Richard,798108,reported 24/7/25,,,,,,,,,,,,,,,,,,,,,
20/07/25,Jesus at the centre,Jesus be the centre of it all,Richard,6115180,reported 24/7/25,,,,,,,,,,,,,,,,,,,,,
20/07/25,Be Thou My Vision,"Be Thou my vision, O Lord of my heart",Richard,30639,public domain,,,,,,,,,,,,,,,,,,,,,
20/07/25,Our God is a Great Big God,Our God is a great big God,Richard,3373437,reported 24/7/25,,,,,,,,,,,,,,,,,,,,,
27/07/25,His Mercy Is More,What love could remember no wrongs we have done,Ben,7065053,reported 31/7/25,,,,,,,,,,,,,,,,,,,,,
27/07/25,Restore O Lord,Restore O Lord the honour of your name,Ben,40571,reported 31/7/25,,,,,,,,,,,,,,,,,,,,,
27/07/25,We Shall Stand,We shall stand,Ben,30574,reported 31/7/25,,,,,,,,,,,,,,,,,,,,,
27/07/25,What A Faithful God,Lord I come before Your throne of grace,Ben,605095,reported 31/7/25,,,,,,,,,,,,,,,,,,,,,
27/07/25,Guide Me O Thy Great Redeemer,Guide me O Thou great Redeemer,Ben,1448,Public domain,,,,,,,,,,,,,,,,,,,,,
3/8/25,Shout to the Lord,My Jesus my Saviour,Richard,1406918,reported 14/8/25,,,,,,,,,,,,,,,,,,,,,
3/8/25,Our God is a Great Big God,Our God is a great big God,Richard,3373437,reported 14/8/25,,,,,,,,,,,,,,,,,,,,,
3/8/25,What does it mean?,"God loves me, God loves you",Richard,Richard Heywood music,,,,,,,,,,,,,,,,,,,,,,
3/8/25,Behold our God,Who has held the oceans in His hands?,Richard,5937510,reported 14/8/25,,,,,,,,,,,,,,,,,,,,,
3/8/25,Love Divine,Love divine all loves excelling,Richard,1038991,reported 14/8/25,,,,,,,,,,,,,,,,,,,,,
10/8/25,Everlasting God,Strength will rise as we wait upon the Lord,Ben,4556538,reported 14/8/25,,,,,,,,,,,,,,,,,,,,,
10/8/25,How Deep The Father's Love For Us,How deep the Father's love for us,Ben,1558110,reported 14/8/25,,,,,,,,,,,,,,,,,,,,,
10/8/25,What does it mean?,"God loves me, God loves you",Ben,Richard Heywood music,,,,,,,,,,,,,,,,,,,,,,
10/8/25,Christ Our Hope In Life And Death,Christ our hope in life and death,Ben,7147502,reported 14/8/25,,,,,,,,,,,,,,,,,,,,,
10/8/25,Great is thy faithfulness,"Great is thy faithfulness, O God my Father",Ben,18723,reported 14/8/25,,,,,,,,,,,,,,,,,,,,,
17/08/25,Rejoice,"Rejoice, come and lift your hands and raise your voice",Sue,7004663,reported 4/9/25,,,,,,,,,,,,,,,,,,,,,
17/08/25,Saviour of the World,"God so loved, that He gave His son",Sue,5742169,reported 4/9/25,,,,,,,,,,,,,,,,,,,,,
17/08/25,There Is A Higher Throne,There is a higher throne,Sue,3994672,reported 4/9/25,,,,,,,,,,,,,,,,,,,,,
17/08/25,Amazing Love,Amazing love laying your down your glory,Sue,4718675,reported 4/9/25,,,,,,,,,,,,,,,,,,,,,
17/08/25,This is Amazing Grace,Who breaks the power of sin and darkness,Sue,6333821,reported 4/9/25,,,,,,,,,,,,,,,,,,,,,
24/08/25,"Come, Now Is The Time To Worship","Come, now is the time to worship",Sue,2430948,reported 4/9/25,,,,,,,,,,,,,,,,,,,,,
24/08/25,How Great (Psalm 145),I'll bless Your name O God each day that I awake,Sue,7190356,reported 4/9/25,,,,,,,,,,,,,,,,,,,,,
24/08/25,I Give You My Heart,This is my desire,Sue,1866132,reported 4/9/25,,,,,,,,,,,,,,,,,,,,,
24/08/25,Refiner's Fire,Purify my heart,Sue,426298,reported 4/9/25,,,,,,,,,,,,,,,,,,,,,
24/08/25,Hope of the Nations,Jesus hope of the nations,Sue,3540703,reported 4/9/25,,,,,,,,,,,,,,,,,,,,,
24/08/25,Yet Not I But Through Christ In Me,What gift of grace is Jesus my redeemer,Sue,7121852,reported 4/9/25,,,,,,,,,,,,,,,,,,,,,
31/08/25,Thanksgiving (what shall we do),Enter in his courts with praise,Richard,7199589,reported 4/9/25,,,,,,,,,,,,,,,,,,,,,
31/08/25,How great thou Art,O Lord my God when I in awesome wonder,Richard,4473013,reported 4/9/25,,,,,,,,,,,,,,,,,,,,,
31/08/25,What does it mean?,"God loves me, God loves you",Richard,Richard Heywood music,,,,,,,,,,,,,,,,,,,,,,
31/08/25,Living Hope,How great the chasm that lay between us,Richard,7106807,reported 4/9/25,,,,,,,,,,,,,,,,,,,,,
31/08/25,Build Your Kingdom Here,Come set Your rule and reign,Richard,6186078,reported 4/9/25,,,,,,,,,,,,,,,,,,,,,
7/9/25,Blessed be the name,Blessed be your name,Ben,3798438,reported 16/10/25,,,,,,,,,,,,,,,,,,,,,
7/9/25,Everlasting God,Strength will rise as we wait upon the Lord,Ben,4556538,reported 16/10/25,,,,,,,,,,,,,,,,,,,,,
7/9/25,Always Enough (You are God),"You are good, you are gracious",Ben,By Richard and Jo Heywood,,,,,,,,,,,,,,,,,,,,,,
7/9/25,Story Of The Cross,This is the story of the cross,Ben,7134315,reported 16/10/25,,,,,,,,,,,,,,,,,,,,,
7/9/25,Be Thou My Vision,"Be Thou my vision, O Lord of my heart",Ben,30639,public domain,,,,,,,,,,,,,,,,,,,,,
14/09/25,"10,000 Reasons","Bless the Lord, O my soul",Richard,6016351,reported 16/10/25,,,,,,,,,,,,,,,,,,,,,
14/09/25,Waymaker,You are here moving in our midst,Richard,7115744,reported 16/10/25,,,,,,,,,,,,,,,,,,,,,
14/09/25,God is Good,When I see my Lord's creation,Richard,By Richard and Jo Heywood,,,,,,,,,,,,,,,,,,,,,,
14/09/25,Crown Him With Many Crowns,Crown Him with many crowns,Richard,23938,public domain,,,,,,,,,,,,,,,,,,,,,
21/09/25,How Great is Our God,"The splendour of the King, clothed in majesty",Sue,4348399,reported 16/10/25,,,,,,,,,,,,,,,,,,,,,
21/09/25,Christus Victor,Now to the Lamb upon the throne,Sue,7245980,reported 16/10/25,,,,,,,,,,,,,,,,,,,,,
21/09/25,The river,To the river I am going,Sue,4316864,reported 16/10/25,,,,,,,,,,,,,,,,,,,,,
21/09/25,Be Thou My Vision,"Be Thou my vision, O Lord of my heart",Sue,30639,public domain,,,,,,,,,,,,,,,,,,,,,
21/09/25,Love Divine,Love divine all loves excelling,Sue,1038991,reported 16/10/25,,,,,,,,,,,,,,,,,,,,,
28/09/25,Come People Of The Risen King,Come people of the Risen King,Ben,5232617,reported 16/10/25,,,,,,,,,,,,,,,,,,,,,
28/09/25,Every Promise,From the breaking of the dawn,Ben,4642105,reported 16/10/25,,,,,,,,,,,,,,,,,,,,,
28/09/25,Is He Worthy?,Do you feel the world is broken?,Ben,7108951,reported 16/10/25,,,,,,,,,,,,,,,,,,,,,
28/09/25,Hymn of heaven,How I long to breathe the air of heaven,Ben,7168994,reported 16/10/25,,,,,,,,,,,,,,,,,,,,,
28/09/25,I Cannot Tell,I cannot tell why He whom angels worship,Ben,110119,reported 16/10/25,,,,,,,,,,,,,,,,,,,,,
5/10/25,Everlasting God,Strength will rise as we wait upon the Lord,Richard,4556538,reported 16/10/25,,,,,,,,,,,,,,,,,,,,,
5/10/25,Story Of The Cross,This is the story of the cross,Richard,7134315,reported 16/10/25,,,,,,,,,,,,,,,,,,,,,
5/10/25,Jesus Is The Mighty Mighty King,Jesus is the mighty mighty King,Richard,2599982,reported 16/10/25,,,,,,,,,,,,,,,,,,,,,
5/10/25,"10,000 Reasons","Bless the Lord, O my soul",Richard,6016351,reported 16/10/25,,,,,,,,,,,,,,,,,,,,,
5/10/25,How Great (Psalm 145),I'll bless Your name O God each day that I awake,Richard,7190356,reported 16/10/25,,,,,,,,,,,,,,,,,,,,,
5/10/25,And Can It Be,And can it be that I should gain,Richard,25280,public domain,,,,,,,,,,,,,,,,,,,,,
12/10/25,Rejoice,"Rejoice, come and lift your hands and raise your voice",Sue,7004663,reported 30/10/25,,,,,,,,,,,,,,,,,,,,,
12/10/25,Behold our God,Who has held the oceans in His hands?,Sue,5937510,reported 30/10/25,,,,,,,,,,,,,,,,,,,,,
12/10/25,Indescribable,From the highest of heights to the depths of the sea,Sue,4403076,reported 30/10/25,,,,,,,,,,,,,,,,,,,,,
12/10/25,Across The Lands,You're the Word of God the Father,Sue,3709898,reported 30/10/25,,,,,,,,,,,,,,,,,,,,,
19/10/25,Great Things,Come let us worship our King.,Ben,7111321,reported 30/10/25,,,,,,,,,,,,,,,,,,,,,
19/10/25,Forever,Give thanks to the Lord,Ben,3148428,reported 30/10/25,,,,,,,,,,,,,,,,,,,,,
19/10/25,I will offer up my life,I will offer up my life in spirit and truth,Ben,1083764,reported 30/10/25,,,,,,,,,,,,,,,,,,,,,
19/10/25,Great is thy faithfulness,"Great is thy faithfulness, O God my Father",Ben,18723,reported 30/10/25,,,,,,,,,,,,,,,,,,,,,
19/10/25,By Faith,By faith we see the hand of God,Ben,5469291,reported 30/10/25,,,,,,,,,,,,,,,,,,,,,
26/10/25,Forever,Give thanks to the Lord,Sue,3148428,reported 14/11/25,,,,,,,,,,,,,,,,,,,,,
26/10/25,How Great (Psalm 145),I'll bless Your name O God each day that I awake,Sue,7190356,reported 14/11/25,,,,,,,,,,,,,,,,,,,,,
26/10/25,Every Promise,From the breaking of the dawn,Sue,4642105,reported 14/11/25,,,,,,,,,,,,,,,,,,,,,
26/10/25,King Of Kings Majesty,King of Kings majesty,Sue,1581778,reported 14/11/25,,,,,,,,,,,,,,,,,,,,,
26/10/25,Tell Out My Soul,Tell out my soul the greatness of the Lord,Sue,2402653,reported 14/11/25,,,,,,,,,,,,,,,,,,,,,
2/11/25,Faithful One,Faithful one so unchanging,Richard,465840,reported 14/11/25,,,,,,,,,,,,,,,,,,,,,
2/11/25,Our God is a Great Big God,Our God is a great big God,Richard,3373437,reported 14/11/25,,,,,,,,,,,,,,,,,,,,,
2/11/25,God is Good,When I see my Lord's creation,Richard,By Richard and Jo Heywood,N/A,,,,,,,,,,,,,,,,,,,,,
2/11/25,In Christ Alone,In Christ alone my hope is found,Richard,3350395,reported 14/11/25,,,,,,,,,,,,,,,,,,,,,
2/11/25,I have decided to follow Jesus,I have decided to follow Jesus,Richard,?,public domain,,,,,,,,,,,,,,,,,,,,,
9/11/25,O Church Arise,"O Church arise, and put your armour on;",Sue,4611992,reported 14/11/25,,,,,,,,,,,,,,,,,,,,,
9/11/25,By Faith,By faith we see the hand of God,Sue,5469291,reported 14/11/25,,,,,,,,,,,,,,,,,,,,,
9/11/25,Speak O Lord,Speak O Lord as we come to You,Sue,4615235,reported 14/11/25,,,,,,,,,,,,,,,,,,,,,
9/11/25,Hear The Call Of The Kingdom,"Hear the call of the Kingdom, lift your eyes to the King.",Sue,4930752,reported 14/11/25,,,,,,,,,,,,,,,,,,,,,
9/11/25,Remembrance Hymn,O Lord we look upon the past,Sue,7120048,reported 14/11/25,,,,,,,,,,,,,,,,,,,,,
16/11/25,Rejoice the Lord is King,Rejoice the Lord is King,Ben,7125867,reported 27/11/25,,,,,,,,,,,,,,,,,,,,,
16/11/25,I Speak Jesus,I just want to speak the Name of Jesus,Ben,7136201,reported 27/11/25,,,,,,,,,,,,,,,,,,,,,
16/11/25,There Is A Redeemer,There is a Redeemer Jesus God's own Son,Ben,11483,reported 27/11/25,,,,,,,,,,,,,,,,,,,,,
16/11/25,At The Name Of Jesus (Camberwell),At the name of Jesus,Ben,38947,reported 27/11/25,,,,,,,,,,,,,,,,,,,,,
16/11/25,Our God reigns,How lovely on the mountains,Ben,8458,reported 27/11/25,,,,,,,,,,,,,,,,,,,,,
16/11/25,Crown Him With Many Crowns,Crown Him with many crowns,Ben,23938,public domain,,,,,,,,,,,,,,,,,,,,,
23/11/25,"Praise to the Lord, the Almighty","Praise to the Lord, the Almighty",Ben,43073,public domain,,,,,,,,,,,,,,,,,,,,,
23/11/25,The Servant King,From heav'n You came helpless babe,Ben,78897,reported 27/11/25,,,,,,,,,,,,,,,,,,,,,
23/11/25,Gratitude,All my words fall short,Ben,7158417,reported 27/11/25,,,,,,,,,,,,,,,,,,,,,
23/11/25,Behold our God,Who has held the oceans in His hands?,Ben,5937510,reported 27/11/25,,,,,,,,,,,,,,,,,,,,,
23/11/25,Christus Victor,Now to the Lamb upon the throne,Ben,7245980,reported 27/11/25,,,,,,,,,,,,,,,,,,,,,
30/11/25,O Come O Come Emmanuel,O come O come Emmanuel,Sue,31982,public domain,,,,,,,,,,,,,,,,,,,,,
30/11/25,Here I Am to Worship,Light of the world You stepped down into darkness,Sue,3266032,reported 4/12/25,,,,,,,,,,,,,,,,,,,,,
30/11/25,Immanuel,From the squalor of a borrowed stable,Sue,2733786,reported 4/12/25,,,,,,,,,,,,,,,,,,,,,
30/11/25,"Immanual, O Immanuel","Immanual, O Immanuel bowed in awe",Sue,30347,reported 4/12/25,,,,,,,,,,,,,,,,,,,,,
30/11/25,Lo He Comes With Clouds Descending,Lo He Comes With Clouds Descending,Sue,3351648,reported 4/12/25,,,,,,,,,,,,,,,,,,,,,
7/12/25,Mary did you know?,Mary did you know that your baby boy,Richard,839225,reported 12/12/25,,,,,,,,,,,,,,,,,,,,,
7/12/25,Joy To The World,Joy to the world the Lord is come,Richard,24016,public domain,,,,,,,,,,,,,,,,,,,,,
7/12/25,Noel,Love incarnate love divine,Richard,7050419,reported 12/12/25,,,,,,,,,,,,,,,,,,,,,
7/12/25,Follow the star,Come and follow the star,Richard,Written by Richard,N/A,,,,,,,,,,,,,,,,,,,,,
7/12/25,Hark The Herald Angels Sing (Mendelssohn),Hark the herald angels sing,Richard,27738,public domain,,,,,,,,,,,,,,,,,,,,,
8/12/25,Once in Royal David's City,Once in Royal David's City,Richard,197156,public domain,,,,,,,,,,,,,,,,,,,,,
8/12/25,Away In A Manger,Away in a manger,Richard,38583,public domain,,,,,,,,,,,,,,,,,,,,,
8/12/25,While shepherds watched,While shepherds watched their flocks,Richard,32008,public domain,,,,,,,,,,,,,,,,,,,,,
8/12/25,In the bleak midwinter,In the bleak midwinter,Richard,294736,public domain,,,,,,,,,,,,,,,,,,,,,
8/12/25,Hark The Herald Angels Sing (Mendelssohn),Hark the herald angels sing,Richard,27738,public domain,,,,,,,,,,,,,,,,,,,,,
8/12/25,We three kings,We three Kings of Orient are,Richard,38002,public domain,,,,,,,,,,,,,,,,,,,,,
8/12/25,O Come All Ye Faithful (Adeste Fideles),O come all ye faithful,Richard,4758525,public domain,,,,,,,,,,,,,,,,,,,,,
9/12/25,Calypso Carol,See Him lying on a bed of straw,Richard,626892,reported 12/12/25,,,,,,,,,,,,,,,,,,,,,
9/12/25,Silent Night,Silent night holy night,Richard,27862,public domain,,,,,,,,,,,,,,,,,,,,,
9/12/25,Away In A Manger,Away in a manger,Richard,38583,public domain,,,,,,,,,,,,,,,,,,,,,
9/12/25,Sing Christingle,,Richard,?,,,,,,,,,,,,,,,,,,,,,,
9/12/25,The Blessing,The Lord bless you,Richard,7147007,reported 12/12/25,,,,,,,,,,,,,,,,,,,,,
14/12/25,Lord I Lift Your Name On High,Lord I lift Your name on high,Richard,117947,reported 24/12/25,,,,,,,,,,,,,,,,,,,,,
14/12/25,O Come All Ye Faithful (Adeste Fideles),O come all ye faithful,Richard,4758525,public domain,,,,,,,,,,,,,,,,,,,,,
14/12/25,Away In A Manger,Away in a manger,Richard,38583,public domain,,,,,,,,,,,,,,,,,,,,,
14/12/25,Hope of the Nations,Jesus hope of the nations,Richard,3540703,reported 24/12/25,,,,,,,,,,,,,,,,,,,,,
14/12/25,Christus Victor,Now to the Lamb upon the throne,Richard,7245980,reported 24/12/25,,,,,,,,,,,,,,,,,,,,,
14/12/25,Joy To The World,Joy to the world the Lord is come,Richard,24016,public domain,,,,,,,,,,,,,,,,,,,,,
14/12/25,O Little Town of Bethlehem,O Little Town of Bethlehem,Sue,1741697,public domain,,,,,,,,,,,,,,,,,,,,,
14/12/25,Hark The Herald Angels Sing (Mendelssohn),Hark the herald angels sing,Sue,27738,public domain,,,,,,,,,,,,,,,,,,,,,
14/12/25,Calypso Carol,See Him lying on a bed of straw,Sue,626892,reported 24/12/25,,,,,,,,,,,,,,,,,,,,,
14/12/25,The First Noel,The first Noel the angel did say,Sue,31047,public domain,,,,,,,,,,,,,,,,,,,,,
14/12/25,God rest ye merry gentlemen,God rest ye merry gentlemen,Sue,7162476,reported 24/12/25,,,,,,,,,,,,,,,,,,,,,
14/12/25,O Come All Ye Faithful (Adeste Fideles),O come all ye faithful,Sue,4758525,public domain,,,,,,,,,,,,,,,,,,,,,
14/12/25,Joy To The World,Joy to the world the Lord is come,Sue,24016,public domain,,,,,,,,,,,,,,,,,,,,,
21/12/25,Silent Night,Silent night holy night,Ben,27862,public domain,,,,,,,,,,,,,,,,,,,,,
21/12/25,Little Donkey,Little Donkey,Ben,,public domain,,,,,,,,,,,,,,,,,,,,,
21/12/25,While shepherds watched,While shepherds watched their flocks,Ben,32008,public domain,,,,,,,,,,,,,,,,,,,,,
21/12/25,We three kings,We three Kings of Orient are,Ben,38002,public domain,,,,,,,,,,,,,,,,,,,,,
21/12/25,Calypso Carol,See Him lying on a bed of straw,Ben,626892,reported 24/12/25,,,,,,,,,,,,,,,,,,,,,
21/12/25,Joy To The World,Joy to the world the Lord is come,Ben,24016,public domain,,,,,,,,,,,,,,,,,,,,,
24/12/25,Hark The Herald Angels Sing (Mendelssohn),Hark the herald angels sing,Richard,27738,public domain,,,,,,,,,,,,,,,,,,,,,
24/12/25,Sing Christingle,,Richard,?,,,,,,,,,,,,,,,,,,,,,,
24/12/25,It was on a starry night,It was on a starry night,Richard,643909,reported 8/1/26,,,,,,,,,,,,,,,,,,,,,
24/12/25,Noel,Love incarnate love divine,Richard,7050419,reported 8/1/26,,,,,,,,,,,,,,,,,,,,,
24/12/25,Away In A Manger,Away in a manger,Richard,38583,public domain,,,,,,,,,,,,,,,,,,,,,
24/12/25,O Come All Ye Faithful (Adeste Fideles),O come all ye faithful,Richard,4758525,public domain,,,,,,,,,,,,,,,,,,,,,
24/12/25,Joy To The World,Joy to the world the Lord is come,Richard,24016,public domain,,,,,,,,,,,,,,,,,,,,,
24/12/25,Once in Royal David's City,Once in Royal David's City,Sue,197156,public domain,,,,,,,,,,,,,,,,,,,,,
24/12/25,While shepherds watched,While shepherds watched their flocks,Sue,32008,public domain,,,,,,,,,,,,,,,,,,,,,
24/12/25,Silent Night,Silent night holy night,Sue,27862,public domain,,,,,,,,,,,,,,,,,,,,,
24/12/25,O Come All Ye Faithful (Adeste Fideles),O come all ye faithful,Sue,4758525,public domain,,,,,,,,,,,,,,,,,,,,,
25/12/25,Noel,Love incarnate love divine,Richard,7050419,reported 8/1/26,,,,,,,,,,,,,,,,,,,,,
25/12/25,O Come All Ye Faithful (Adeste Fideles),O come all ye faithful,Richard,4758525,public domain,,,,,,,,,,,,,,,,,,,,,
25/12/25,While shepherds watched,While shepherds watched their flocks,Richard,32008,public domain,,,,,,,,,,,,,,,,,,,,,
25/12/25,Angels from the realms of glory,Angels from the realms of glory,Richard,2402828,public domain,,,,,,,,,,,,,,,,,,,,,
28/12/25,Unto us a child is born,Unto us a child is born King of all creation,Sue,4790631,public domain,,,,,,,,,,,,,,,,,,,,,
28/12/25,Holy Child,Holy child how still you lie,Sue,2522038,reported 8/1/26,,,,,,,,,,,,,,,,,,,,,
28/12/25,In the bleak midwinter,In the bleak midwinter,Sue,294736,public domain,,,,,,,,,,,,,,,,,,,,,
28/12/25,Be Still,Be still for the presence of the Lord,Sue,120824,reported 8/1/26,,,,,,,,,,,,,,,,,,,,,
,,,,,,,,,,,,,,,,,,,,,,,,,,
,,,,,,,,,,,,,,,,,,,,,,,,,,
,,,,,,,,,,,,,,,,,,,,,,,,,,
,,,,,,,,,,,,,,,,,,,,,,,,,,
,,,,,,,,,,,,,,,,,,,,,,,,,,
,,,,,,,,,,,,,,,,,,,,,,,,,,
,,,,,,,,,,,,,,,,,,,,,,,,,,
,,,,,,,,,,,,,,,,,,,,,,,,,,
,,,,,,,,,,,,,,,,,,,,,,,,,,
,,,,,,,,,,,,,,,,,,,,,,,,,,
,,,,,,,,,,,,,,,,,,,,,,,,,,
,,,,,,,,,,,,,,,,,,,,,,,,,,
,,,,,,,,,,,,,,,,,,,,,,,,,,
,,,,,,,,,,,,,,,,,,,,,,,,,,
,,,,,,,,,,,,,,,,,,,,,,,,,,
,,,,,,,,,,,,,,,,,,,,,,,,,,
,,,,,,,,,,,,,,,,,,,,,,,,,,
,,,,,,,,,,,,,,,,,,,,,,,,,,
,,,,,,,,,,,,,,,,,,,,,,,,,,
,,,,,,,,,,,,,,,,,,,,,,,,,,
,,,,,,,,,,,,,,,,,,,,,,,,,,
,,,,,,,,,,,,,,,,,,,,,,,,,,
,,,,,,,,,,,,,,,,,,,,,,,,,,
,,,,,,,,,,,,,,,,,,,,,,,,,,
,,,,,,,,,,,,,,,,,,,,,,,,,,
,,,,,,,,,,,,,,,,,,,,,,,,,,
,,,,,,,,,,,,,,,,,,,,,,,,,,
,,,,,,,,,,,,,,,,,,,,,,,,,,
,,,,,,,,,,,,,,,,,,,,,,,,,,
,,,,,,,,,,,,,,,,,,,,,,,,,,
,,,,,,,,,,,,,,,,,,,,,,,,,,
,,,,,,,,,,,,,,,,,,,,,,,,,,
,,,,,,,,,,,,,,,,,,,,,,,,,,
,,,,,,,,,,,,,,,,,,,,,,,,,,
,,,,,,,,,,,,,,,,,,,,,,,,,,
,,,,,,,,,,,,,,,,,,,,,,,,,,
,,,,,,,,,,,,,,,,,,,,,,,,,,
,,,,,,,,,,,,,,,,,,,,,,,,,,
,,,,,,,,,,,,,,,,,,,,,,,,,,
,,,,,,,,,,,,,,,,,,,,,,,,,,
,,,,,,,,,,,,,,,,,,,,,,,,,,
,,,,,,,,,,,,,,,,,,,,,,,,,,
,,,,,,,,,,,,,,,,,,,,,,,,,,
,,,,,,,,,,,,,,,,,,,,,,,,,,
,,,,,,,,,,,,,,,,,,,,,,,,,,
,,,,,,,,,,,,,,,,,,,,,,,,,,
,,,,,,,,,,,,,,,,,,,,,,,,,,
,,,,,,,,,,,,,,,,,,,,,,,,,,
,,,,,,,,,,,,,,,,,,,,,,,,,,
,,,,,,,,,,,,,,,,,,,,,,,,,,
,,,,,,,,,,,,,,,,,,,,,,,,,,
,,,,,,,,,,,,,,,,,,,,,,,,,,
,,,,,,,,,,,,,,,,,,,,,,,,,,
,,,,,,,,,,,,,,,,,,,,,,,,,,
,,,,,,,,,,,,,,,,,,,,,,,,,,
,,,,,,,,,,,,,,,,,,,,,,,,,,
,,,,,,,,,,,,,,,,,,,,,,,,,,
,,,,,,,,,,,,,,,,,,,,,,,,,,
,,,,,,,,,,,,,,,,,,,,,,,,,,
,,,,,,,,,,,,,,,,,,,,,,,,,,
,,,,,,,,,,,,,,,,,,,,,,,,,,
,,,,,,,,,,,,,,,,,,,,,,,,,,
,,,,,,,,,,,,,,,,,,,,,,,,,,
,,,,,,,,,,,,,,,,,,,,,,,,,,
,,,,,,,,,,,,,,,,,,,,,,,,,,
,,,,,,,,,,,,,,,,,,,,,,,,,,
,,,,,,,,,,,,,,,,,,,,,,,,,,
,,,,,,,,,,,,,,,,,,,,,,,,,,
,,,,,,,,,,,,,,,,,,,,,,,,,,
,,,,,,,,,,,,,,,,,,,,,,,,,,
,,,,,,,,,,,,,,,,,,,,,,,,,,
,,,,,,,,,,,,,,,,,,,,,,,,,,
,,,,,,,,,,,,,,,,,,,,,,,,,,
,,,,,,,,,,,,,,,,,,,,,,,,,,
,,,,,,,,,,,,,,,,,,,,,,,,,,
,,,,,,,,,,,,,,,,,,,,,,,,,,
,,,,,,,,,,,,,,,,,,,,,,,,,,
,,,,,,,,,,,,,,,,,,,,,,,,,,
,,,,,,,,,,,,,,,,,,,,,,,,,,
,,,,,,,,,,,,,,,,,,,,,,,,,,
,,,,,,,,,,,,,,,,,,,,,,,,,,
,,,,,,,,,,,,,,,,,,,,,,,,,,
,,,,,,,,,,,,,,,,,,,,,,,,,,
,,,,,,,,,,,,,,,,,,,,,,,,,,
,,,,,,,,,,,,,,,,,,,,,,,,,,
,,,,,,,,,,,,,,,,,,,,,,,,,,
,,,,,,,,,,,,,,,,,,,,,,,,,,
,,,,,,,,,,,,,,,,,,,,,,,,,,
,,,,,,,,,,,,,,,,,,,,,,,,,,
,,,,,,,,,,,,,,,,,,,,,,,,,,
,,,,,,,,,,,,,,,,,,,,,,,,,,
,,,,,,,,,,,,,,,,,,,,,,,,,,
,,,,,,,,,,,,,,,,,,,,,,,,,,
,,,,,,,,,,,,,,,,,,,,,,,,,,
,,,,,,,,,,,,,,,,,,,,,,,,,,
,,,,,,,,,,,,,,,,,,,,,,,,,,
,,,,,,,,,,,,,,,,,,,,,,,,,,
,,,,,,,,,,,,,,,,,,,,,,,,,,
,,,,,,,,,,,,,,,,,,,,,,,,,,
,,,,,,,,,,,,,,,,,,,,,,,,,,
,,,,,,,,,,,,,,,,,,,,,,,,,,
,,,,,,,,,,,,,,,,,,,,,,,,,,
,,,,,,,,,,,,,,,,,,,,,,,,,,
,,,,,,,,,,,,,,,,,,,,,,,,,,
,,,,,,,,,,,,,,,,,,,,,,,,,,
,,,,,,,,,,,,,,,,,,,,,,,,,,
,,,,,,,,,,,,,,,,,,,,,,,,,,
,,,,,,,,,,,,,,,,,,,,,,,,,,
,,,,,,,,,,,,,,,,,,,,,,,,,,
,,,,,,,,,,,,,,,,,,,,,,,,,,
,,,,,,,,,,,,,,,,,,,,,,,,,,
,,,,,,,,,,,,,,,,,,,,,,,,,,
,,,,,,,,,,,,,,,,,,,,,,,,,,
,,,,,,,,,,,,,,,,,,,,,,,,,,
,,,,,,,,,,,,,,,,,,,,,,,,,,
,,,,,,,,,,,,,,,,,,,,,,,,,,
,,,,,,,,,,,,,,,,,,,,,,,,,,
,,,,,,,,,,,,,,,,,,,,,,,,,,
,,,,,,,,,,,,,,,,,,,,,,,,,,
,,,,,,,,,,,,,,,,,,,,,,,,,,
,,,,,,,,,,,,,,,,,,,,,,,,,,
,,,,,,,,,,,,,,,,,,,,,,,,,,
,,,,,,,,,,,,,,,,,,,,,,,,,,
,,,,,,,,,,,,,,,,,,,,,,,,,,
,,,,,,,,,,,,,,,,,,,,,,,,,,
,,,,,,,,,,,,,,,,,,,,,,,,,,
,,,,,,,,,,,,,,,,,,,,,,,,,,
,,,,,,,,,,,,,,,,,,,,,,,,,,
,,,,,,,,,,,,,,,,,,,,,,,,,,
,,,,,,,,,,,,,,,,,,,,,,,,,,
,,,,,,,,,,,,,,,,,,,,,,,,,,
,,,,,,,,,,,,,,,,,,,,,,,,,,
,,,,,,,,,,,,,,,,,,,,,,,,,,
,,,,,,,,,,,,,,,,,,,,,,,,,,
,,,,,,,,,,,,,,,,,,,,,,,,,,
,,,,,,,,,,,,,,,,,,,,,,,,,,
,,,,,,,,,,,,,,,,,,,,,,,,,,
,,,,,,,,,,,,,,,,,,,,,,,,,,
,,,,,,,,,,,,,,,,,,,,,,,,,,
,,,,,,,,,,,,,,,,,,,,,,,,,,
,,,,,,,,,,,,,,,,,,,,,,,,,,
,,,,,,,,,,,,,,,,,,,,,,,,,,
,,,,,,,,,,,,,,,,,,,,,,,,,,
,,,,,,,,,,,,,,,,,,,,,,,,,,
,,,,,,,,,,,,,,,,,,,,,,,,,,
,,,,,,,,,,,,,,,,,,,,,,,,,,
,,,,,,,,,,,,,,,,,,,,,,,,,,
,,,,,,,,,,,,,,,,,,,,,,,,,,
,,,,,,,,,,,,,,,,,,,,,,,,,,
,,,,,,,,,,,,,,,,,,,,,,,,,,
,,,,,,,,,,,,,,,,,,,,,,,,,,
,,,,,,,,,,,,,,,,,,,,,,,,,,
,,,,,,,,,,,,,,,,,,,,,,,,,,
,,,,,,,,,,,,,,,,,,,,,,,,,,
,,,,,,,,,,,,,,,,,,,,,,,,,,
,,,,,,,,,,,,,,,,,,,,,,,,,,
,,,,,,,,,,,,,,,,,,,,,,,,,,
,,,,,,,,,,,,,,,,,,,,,,,,,,
,,,,,,,,,,,,,,,,,,,,,,,,,,
,,,,,,,,,,,,,,,,,,,,,,,,,,
,,,,,,,,,,,,,,,,,,,,,,,,,,
,,,,,,,,,,,,,,,,,,,,,,,,,,
,,,,,,,,,,,,,,,,,,,,,,,,,,
,,,,,,,,,,,,,,,,,,,,,,,,,,
,,,,,,,,,,,,,,,,,,,,,,,,,,
,,,,,,,,,,,,,,,,,,,,,,,,,,
,,,,,,,,,,,,,,,,,,,,,,,,,,
,,,,,,,,,,,,,,,,,,,,,,,,,,
,,,,,,,,,,,,,,,,,,,,,,,,,,
,,,,,,,,,,,,,,,,,,,,,,,,,,
,,,,,,,,,,,,,,,,,,,,,,,,,,
,,,,,,,,,,,,,,,,,,,,,,,,,,
,,,,,,,,,,,,,,,,,,,,,,,,,,
,,,,,,,,,,,,,,,,,,,,,,,,,,
,,,,,,,,,,,,,,,,,,,,,,,,,,
,,,,,,,,,,,,,,,,,,,,,,,,,,
,,,,,,,,,,,,,,,,,,,,,,,,,,
,,,,,,,,,,,,,,,,,,,,,,,,,,
,,,,,,,,,,,,,,,,,,,,,,,,,,
,,,,,,,,,,,,,,,,,,,,,,,,,,
,,,,,,,,,,,,,,,,,,,,,,,,,,
,,,,,,,,,,,,,,,,,,,,,,,,,,
,,,,,,,,,,,,,,,,,,,,,,,,,,
,,,,,,,,,,,,,,,,,,,,,,,,,,
,,,,,,,,,,,,,,,,,,,,,,,,,,
,,,,,,,,,,,,,,,,,,,,,,,,,,
,,,,,,,,,,,,,,,,,,,,,,,,,,
,,,,,,,,,,,,,,,,,,,,,,,,,,
,,,,,,,,,,,,,,,,,,,,,,,,,,
,,,,,,,,,,,,,,,,,,,,,,,,,,
,,,,,,,,,,,,,,,,,,,,,,,,,,
,,,,,,,,,,,,,,,,,,,,,,,,,,
,,,,,,,,,,,,,,,,,,,,,,,,,,
,,,,,,,,,,,,,,,,,,,,,,,,,,
,,,,,,,,,,,,,,,,,,,,,,,,,,
,,,,,,,,,,,,,,,,,,,,,,,,,,
,,,,,,,,,,,,,,,,,,,,,,,,,,
,,,,,,,,,,,,,,,,,,,,,,,,,,
,,,,,,,,,,,,,,,,,,,,,,,,,,
,,,,,,,,,,,,,,,,,,,,,,,,,,
,,,,,,,,,,,,,,,,,,,,,,,,,,
,,,,,,,,,,,,,,,,,,,,,,,,,,
,,,,,,,,,,,,,,,,,,,,,,,,,,
,,,,,,,,,,,,,,,,,,,,,,,,,,
,,,,,,,,,,,,,,,,,,,,,,,,,,
,,,,,,,,,,,,,,,,,,,,,,,,,,
,,,,,,,,,,,,,,,,,,,,,,,,,,
,,,,,,,,,,,,,,,,,,,,,,,,,,
,,,,,,,,,,,,,,,,,,,,,,,,,,
,,,,,,,,,,,,,,,,,,,,,,,,,,
,,,,,,,,,,,,,,,,,,,,,,,,,,
,,,,,,,,,,,,,,,,,,,,,,,,,,
,,,,,,,,,,,,,,,,,,,,,,,,,,
,,,,,,,,,,,,,,,,,,,,,,,,,,
,,,,,,,,,,,,,,,,,,,,,,,,,,
,,,,,,,,,,,,,,,,,,,,,,,,,,
,,,,,,,,,,,,,,,,,,,,,,,,,,
,,,,,,,,,,,,,,,,,,,,,,,,,,
,,,,,,,,,,,,,,,,,,,,,,,,,,
,,,,,,,,,,,,,,,,,,,,,,,,,,
,,,,,,,,,,,,,,,,,,,,,,,,,,
,,,,,,,,,,,,,,,,,,,,,,,,,,
,,,,,,,,,,,,,,,,,,,,,,,,,,
,,,,,,,,,,,,,,,,,,,,,,,,,,
,,,,,,,,,,,,,,,,,,,,,,,,,,
,,,,,,,,,,,,,,,,,,,,,,,,,,
,,,,,,,,,,,,,,,,,,,,,,,,,,
,,,,,,,,,,,,,,,,,,,,,,,,,,
,,,,,,,,,,,,,,,,,,,,,,,,,,
,,,,,,,,,,,,,,,,,,,,,,,,,,
,,,,,,,,,,,,,,,,,,,,,,,,,,
,,,,,,,,,,,,,,,,,,,,,,,,,,
,,,,,,,,,,,,,,,,,,,,,,,,,,
,,,,,,,,,,,,,,,,,,,,,,,,,,
,,,,,,,,,,,,,,,,,,,,,,,,,,
,,,,,,,,,,,,,,,,,,,,,,,,,,
,,,,,,,,,,,,,,,,,,,,,,,,,,
,,,,,,,,,,,,,,,,,,,,,,,,,,
,,,,,,,,,,,,,,,,,,,,,,,,,,
,,,,,,,,,,,,,,,,,,,,,,,,,,
,,,,,,,,,,,,,,,,,,,,,,,,,,
,,,,,,,,,,,,,,,,,,,,,,,,,,
,,,,,,,,,,,,,,,,,,,,,,,,,,
,,,,,,,,,,,,,,,,,,,,,,,,,,
,,,,,,,,,,,,,,,,,,,,,,,,,,
,,,,,,,,,,,,,,,,,,,,,,,,,,
,,,,,,,,,,,,,,,,,,,,,,,,,,
,,,,,,,,,,,,,,,,,,,,,,,,,,
,,,,,,,,,,,,,,,,,,,,,,,,,,
,,,,,,,,,,,,,,,,,,,,,,,,,,
,,,,,,,,,,,,,,,,,,,,,,,,,,
,,,,,,,,,,,,,,,,,,,,,,,,,,
,,,,,,,,,,,,,,,,,,,,,,,,,,
,,,,,,,,,,,,,,,,,,,,,,,,,,
,,,,,,,,,,,,,,,,,,,,,,,,,,
,,,,,,,,,,,,,,,,,,,,,,,,,,
,,,,,,,,,,,,,,,,,,,,,,,,,,
,,,,,,,,,,,,,,,,,,,,,,,,,,
,,,,,,,,,,,,,,,,,,,,,,,,,,
,,,,,,,,,,,,,,,,,,,,,,,,,,
,,,,,,,,,,,,,,,,,,,,,,,,,,
,,,,,,,,,,,,,,,,,,,,,,,,,,
,,,,,,,,,,,,,,,,,,,,,,,,,,
,,,,,,,,,,,,,,,,,,,,,,,,,,
,,,,,,,,,,,,,,,,,,,,,,,,,,
,,,,,,,,,,,,,,,,,,,,,,,,,,
,,,,,,,,,,,,,,,,,,,,,,,,,,
,,,,,,,,,,,,,,,,,,,,,,,,,,
,,,,,,,,,,,,,,,,,,,,,,,,,,
,,,,,,,,,,,,,,,,,,,,,,,,,,
,,,,,,,,,,,,,,,,,,,,,,,,,,
,,,,,,,,,,,,,,,,,,,,,,,,,,
,,,,,,,,,,,,,,,,,,,,,,,,,,
,,,,,,,,,,,,,,,,,,,,,,,,,,
,,,,,,,,,,,,,,,,,,,,,,,,,,
,,,,,,,,,,,,,,,,,,,,,,,,,,
,,,,,,,,,,,,,,,,,,,,,,,,,,
,,,,,,,,,,,,,,,,,,,,,,,,,,
,,,,,,,,,,,,,,,,,,,,,,,,,,
,,,,,,,,,,,,,,,,,,,,,,,,,,
,,,,,,,,,,,,,,,,,,,,,,,,,,
,,,,,,,,,,,,,,,,,,,,,,,,,,
,,,,,,,,,,,,,,,,,,,,,,,,,,
,,,,,,,,,,,,,,,,,,,,,,,,,,
,,,,,,,,,,,,,,,,,,,,,,,,,,
,,,,,,,,,,,,,,,,,,,,,,,,,,
,,,,,,,,,,,,,,,,,,,,,,,,,,
,,,,,,,,,,,,,,,,,,,,,,,,,,
,,,,,,,,,,,,,,,,,,,,,,,,,,
,,,,,,,,,,,,,,,,,,,,,,,,,,
,,,,,,,,,,,,,,,,,,,,,,,,,,
,,,,,,,,,,,,,,,,,,,,,,,,,,
,,,,,,,,,,,,,,,,,,,,,,,,,,
,,,,,,,,,,,,,,,,,,,,,,,,,,
,,,,,,,,,,,,,,,,,,,,,,,,,,
,,,,,,,,,,,,,,,,,,,,,,,,,,
,,,,,,,,,,,,,,,,,,,,,,,,,,
,,,,,,,,,,,,,,,,,,,,,,,,,,
,,,,,,,,,,,,,,,,,,,,,,,,,,
,,,,,,,,,,,,,,,,,,,,,,,,,,
,,,,,,,,,,,,,,,,,,,,,,,,,,
,,,,,,,,,,,,,,,,,,,,,,,,,,
,,,,,,,,,,,,,,,,,,,,,,,,,,
,,,,,,,,,,,,,,,,,,,,,,,,,,
,,,,,,,,,,,,,,,,,,,,,,,,,,
,,,,,,,,,,,,,,,,,,,,,,,,,,
,,,,,,,,,,,,,,,,,,,,,,,,,,
,,,,,,,,,,,,,,,,,,,,,,,,,,
,,,,,,,,,,,,,,,,,,,,,,,,,,
,,,,,,,,,,,,,,,,,,,,,,,,,,
,,,,,,,,,,,,,,,,,,,,,,,,,,
,,,,,,,,,,,,,,,,,,,,,,,,,,
,,,,,,,,,,,,,,,,,,,,,,,,,,
,,,,,,,,,,,,,,,,,,,,,,,,,,
,,,,,,,,,,,,,,,,,,,,,,,,,,
,,,,,,,,,,,,,,,,,,,,,,,,,,
,,,,,,,,,,,,,,,,,,,,,,,,,,
,,,,,,,,,,,,,,,,,,,,,,,,,,
,,,,,,,,,,,,,,,,,,,,,,,,,,
,,,,,,,,,,,,,,,,,,,,,,,,,,
,,,,,,,,,,,,,,,,,,,,,,,,,,
,,,,,,,,,,,,,,,,,,,,,,,,,,
,,,,,,,,,,,,,,,,,,,,,,,,,,
,,,,,,,,,,,,,,,,,,,,,,,,,,
,,,,,,,,,,,,,,,,,,,,,,,,,,
,,,,,,,,,,,,,,,,,,,,,,,,,,
,,,,,,,,,,,,,,,,,,,,,,,,,,
,,,,,,,,,,,,,,,,,,,,,,,,,,
,,,,,,,,,,,,,,,,,,,,,,,,,,
,,,,,,,,,,,,,,,,,,,,,,,,,,
,,,,,,,,,,,,,,,,,,,,,,,,,,
,,,,,,,,,,,,,,,,,,,,,,,,,,
,,,,,,,,,,,,,,,,,,,,,,,,,,
,,,,,,,,,,,,,,,,,,,,,,,,,,
,,,,,,,,,,,,,,,,,,,,,,,,,,
,,,,,,,,,,,,,,,,,,,,,,,,,,
,,,,,,,,,,,,,,,,,,,,,,,,,,
,,,,,,,,,,,,,,,,,,,,,,,,,,
,,,,,,,,,,,,,,,,,,,,,,,,,,
,,,,,,,,,,,,,,,,,,,,,,,,,,
,,,,,,,,,,,,,,,,,,,,,,,,,,
,,,,,,,,,,,,,,,,,,,,,,,,,,
,,,,,,,,,,,,,,,,,,,,,,,,,,
,,,,,,,,,,,,,,,,,,,,,,,,,,
,,,,,,,,,,,,,,,,,,,,,,,,,,
,,,,,,,,,,,,,,,,,,,,,,,,,,
,,,,,,,,,,,,,,,,,,,,,,,,,,
,,,,,,,,,,,,,,,,,,,,,,,,,,
,,,,,,,,,,,,,,,,,,,,,,,,,,
,,,,,,,,,,,,,,,,,,,,,,,,,,
,,,,,,,,,,,,,,,,,,,,,,,,,,
,,,,,,,,,,,,,,,,,,,,,,,,,,
,,,,,,,,,,,,,,,,,,,,,,,,,,
,,,,,,,,,,,,,,,,,,,,,,,,,,
,,,,,,,,,,,,,,,,,,,,,,,,,,
,,,,,,,,,,,,,,,,,,,,,,,,,,
,,,,,,,,,,,,,,,,,,,,,,,,,,
,,,,,,,,,,,,,,,,,,,,,,,,,,
,,,,,,,,,,,,,,,,,,,,,,,,,,
,,,,,,,,,,,,,,,,,,,,,,,,,,
,,,,,,,,,,,,,,,,,,,,,,,,,,
,,,,,,,,,,,,,,,,,,,,,,,,,,
,,,,,,,,,,,,,,,,,,,,,,,,,,
,,,,,,,,,,,,,,,,,,,,,,,,,,
,,,,,,,,,,,,,,,,,,,,,,,,,,
,,,,,,,,,,,,,,,,,,,,,,,,,,
,,,,,,,,,,,,,,,,,,,,,,,,,,
,,,,,,,,,,,,,,,,,,,,,,,,,,
,,,,,,,,,,,,,,,,,,,,,,,,,,
,,,,,,,,,,,,,,,,,,,,,,,,,,
,,,,,,,,,,,,,,,,,,,,,,,,,,
,,,,,,,,,,,,,,,,,,,,,,,,,,
,,,,,,,,,,,,,,,,,,,,,,,,,,
,,,,,,,,,,,,,,,,,,,,,,,,,,
,,,,,,,,,,,,,,,,,,,,,,,,,,
,,,,,,,,,,,,,,,,,,,,,,,,,,
,,,,,,,,,,,,,,,,,,,,,,,,,,
,,,,,,,,,,,,,,,,,,,,,,,,,,
,,,,,,,,,,,,,,,,,,,,,,,,,,
,,,,,,,,,,,,,,,,,,,,,,,,,,
,,,,,,,,,,,,,,,,,,,,,,,,,,
,,,,,,,,,,,,,,,,,,,,,,,,,,
,,,,,,,,,,,,,,,,,,,,,,,,,,
,,,,,,,,,,,,,,,,,,,,,,,,,,
,,,,,,,,,,,,,,,,,,,,,,,,,,
,,,,,,,,,,,,,,,,,,,,,,,,,,
,,,,,,,,,,,,,,,,,,,,,,,,,,
,,,,,,,,,,,,,,,,,,,,,,,,,,
,,,,,,,,,,,,,,,,,,,,,,,,,,
,,,,,,,,,,,,,,,,,,,,,,,,,,
,,,,,,,,,,,,,,,,,,,,,,,,,,
,,,,,,,,,,,,,,,,,,,,,,,,,,
,,,,,,,,,,,,,,,,,,,,,,,,,,
,,,,,,,,,,,,,,,,,,,,,,,,,,
,,,,,,,,,,,,,,,,,,,,,,,,,,
,,,,,,,,,,,,,,,,,,,,,,,,,,
,,,,,,,,,,,,,,,,,,,,,,,,,,
,,,,,,,,,,,,,,,,,,,,,,,,,,
,,,,,,,,,,,,,,,,,,,,,,,,,,
,,,,,,,,,,,,,,,,,,,,,,,,,,
,,,,,,,,,,,,,,,,,,,,,,,,,,
,,,,,,,,,,,,,,,,,,,,,,,,,,
,,,,,,,,,,,,,,,,,,,,,,,,,,
,,,,,,,,,,,,,,,,,,,,,,,,,,
,,,,,,,,,,,,,,,,,,,,,,,,,,
,,,,,,,,,,,,,,,,,,,,,,,,,,
,,,,,,,,,,,,,,,,,,,,,,,,,,
,,,,,,,,,,,,,,,,,,,,,,,,,,
,,,,,,,,,,,,,,,,,,,,,,,,,,
,,,,,,,,,,,,,,,,,,,,,,,,,,
,,,,,,,,,,,,,,,,,,,,,,,,,,
,,,,,,,,,,,,,,,,,,,,,,,,,,
,,,,,,,,,,,,,,,,,,,,,,,,,,
,,,,,,,,,,,,,,,,,,,,,,,,,,
,,,,,,,,,,,,,,,,,,,,,,,,,,
,,,,,,,,,,,,,,,,,,,,,,,,,,
,,,,,,,,,,,,,,,,,,,,,,,,,,
,,,,,,,,,,,,,,,,,,,,,,,,,,
,,,,,,,,,,,,,,,,,,,,,,,,,,
,,,,,,,,,,,,,,,,,,,,,,,,,,
,,,,,,,,,,,,,,,,,,,,,,,,,,
,,,,,,,,,,,,,,,,,,,,,,,,,,
,,,,,,,,,,,,,,,,,,,,,,,,,,
,,,,,,,,,,,,,,,,,,,,,,,,,,
,,,,,,,,,,,,,,,,,,,,,,,,,,
,,,,,,,,,,,,,,,,,,,,,,,,,,
,,,,,,,,,,,,,,,,,,,,,,,,,,
,,,,,,,,,,,,,,,,,,,,,,,,,,
,,,,,,,,,,,,,,,,,,,,,,,,,,
,,,,,,,,,,,,,,,,,,,,,,,,,,
,,,,,,,,,,,,,,,,,,,,,,,,,,
,,,,,,,,,,,,,,,,,,,,,,,,,,
,,,,,,,,,,,,,,,,,,,,,,,,,,
,,,,,,,,,,,,,,,,,,,,,,,,,,
,,,,,,,,,,,,,,,,,,,,,,,,,,
,,,,,,,,,,,,,,,,,,,,,,,,,,
,,,,,,,,,,,,,,,,,,,,,,,,,,
,,,,,,,,,,,,,,,,,,,,,,,,,,
,,,,,,,,,,,,,,,,,,,,,,,,,,
,,,,,,,,,,,,,,,,,,,,,,,,,,
,,,,,,,,,,,,,,,,,,,,,,,,,,
,,,,,,,,,,,,,,,,,,,,,,,,,,
,,,,,,,,,,,,,,,,,,,,,,,,,,
,,,,,,,,,,,,,,,,,,,,,,,,,,
,,,,,,,,,,,,,,,,,,,,,,,,,,
,,,,,,,,,,,,,,,,,,,,,,,,,,
,,,,,,,,,,,,,,,,,,,,,,,,,,
,,,,,,,,,,,,,,,,,,,,,,,,,,
,,,,,,,,,,,,,,,,,,,,,,,,,,
,,,,,,,,,,,,,,,,,,,,,,,,,,
,,,,,,,,,,,,,,,,,,,,,,,,,,
,,,,,,,,,,,,,,,,,,,,,,,,,,
,,,,,,,,,,,,,,,,,,,,,,,,,,
,,,,,,,,,,,,,,,,,,,,,,,,,,
,,,,,,,,,,,,,,,,,,,,,,,,,,
,,,,,,,,,,,,,,,,,,,,,,,,,,
,,,,,,,,,,,,,,,,,,,,,,,,,,
,,,,,,,,,,,,,,,,,,,,,,,,,,
,,,,,,,,,,,,,,,,,,,,,,,,,,
,,,,,,,,,,,,,,,,,,,,,,,,,,
,,,,,,,,,,,,,,,,,,,,,,,,,,
,,,,,,,,,,,,,,,,,,,,,,,,,,
,,,,,,,,,,,,,,,,,,,,,,,,,,
,,,,,,,,,,,,,,,,,,,,,,,,,,
,,,,,,,,,,,,,,,,,,,,,,,,,,
,,,,,,,,,,,,,,,,,,,,,,,,,,
,,,,,,,,,,,,,,,,,,,,,,,,,,
,,,,,,,,,,,,,,,,,,,,,,,,,,
,,,,,,,,,,,,,,,,,,,,,,,,,,
,,,,,,,,,,,,,,,,,,,,,,,,,,
,,,,,,,,,,,,,,,,,,,,,,,,,,
,,,,,,,,,,,,,,,,,,,,,,,,,,
,,,,,,,,,,,,,,,,,,,,,,,,,,
,,,,,,,,,,,,,,,,,,,,,,,,,,
,,,,,,,,,,,,,,,,,,,,,,,,,,
,,,,,,,,,,,,,,,,,,,,,,,,,,
,,,,,,,,,,,,,,,,,,,,,,,,,,
,,,,,,,,,,,,,,,,,,,,,,,,,,
,,,,,,,,,,,,,,,,,,,,,,,,,,
,,,,,,,,,,,,,,,,,,,,,,,,,,
,,,,,,,,,,,,,,,,,,,,,,,,,,
,,,,,,,,,,,,,,,,,,,,,,,,,,
,,,,,,,,,,,,,,,,,,,,,,,,,,
,,,,,,,,,,,,,,,,,,,,,,,,,,
,,,,,,,,,,,,,,,,,,,,,,,,,,
,,,,,,,,,,,,,,,,,,,,,,,,,,
,,,,,,,,,,,,,,,,,,,,,,,,,,
,,,,,,,,,,,,,,,,,,,,,,,,,,
,,,,,,,,,,,,,,,,,,,,,,,,,,
,,,,,,,,,,,,,,,,,,,,,,,,,,
,,,,,,,,,,,,,,,,,,,,,,,,,,
,,,,,,,,,,,,,,,,,,,,,,,,,,
,,,,,,,,,,,,,,,,,,,,,,,,,,
,,,,,,,,,,,,,,,,,,,,,,,,,,
,,,,,,,,,,,,,,,,,,,,,,,,,,
,,,,,,,,,,,,,,,,,,,,,,,,,,
,,,,,,,,,,,,,,,,,,,,,,,,,,
,,,,,,,,,,,,,,,,,,,,,,,,,,
,,,,,,,,,,,,,,,,,,,,,,,,,,
,,,,,,,,,,,,,,,,,,,,,,,,,,
,,,,,,,,,,,,,,,,,,,,,,,,,,
,,,,,,,,,,,,,,,,,,,,,,,,,,
,,,,,,,,,,,,,,,,,,,,,,,,,,
,,,,,,,,,,,,,,,,,,,,,,,,,,
,,,,,,,,,,,,,,,,,,,,,,,,,,
,,,,,,,,,,,,,,,,,,,,,,,,,,
,,,,,,,,,,,,,,,,,,,,,,,,,,
,,,,,,,,,,,,,,,,,,,,,,,,,,
,,,,,,,,,,,,,,,,,,,,,,,,,,
,,,,,,,,,,,,,,,,,,,,,,,,,,
,,,,,,,,,,,,,,,,,,,,,,,,,,
,,,,,,,,,,,,,,,,,,,,,,,,,,
,,,,,,,,,,,,,,,,,,,,,,,,,,
,,,,,,,,,,,,,,,,,,,,,,,,,,
,,,,,,,,,,,,,,,,,,,,,,,,,,
,,,,,,,,,,,,,,,,,,,,,,,,,,
,,,,,,,,,,,,,,,,,,,,,,,,,,
,,,,,,,,,,,,,,,,,,,,,,,,,,
,,,,,,,,,,,,,,,,,,,,,,,,,,
,,,,,,,,,,,,,,,,,,,,,,,,,,
,,,,,,,,,,,,,,,,,,,,,,,,,,
,,,,,,,,,,,,,,,,,,,,,,,,,,
,,,,,,,,,,,,,,,,,,,,,,,,,,
,,,,,,,,,,,,,,,,,,,,,,,,,,
,,,,,,,,,,,,,,,,,,,,,,,,,,
,,,,,,,,,,,,,,,,,,,,,,,,,,
,,,,,,,,,,,,,,,,,,,,,,,,,,
,,,,,,,,,,,,,,,,,,,,,,,,,,
,,,,,,,,,,,,,,,,,,,,,,,,,,
,,,,,,,,,,,,,,,,,,,,,,,,,,
,,,,,,,,,,,,,,,,,,,,,,,,,,
,,,,,,,,,,,,,,,,,,,,,,,,,,
,,,,,,,,,,,,,,,,,,,,,,,,,,
,,,,,,,,,,,,,,,,,,,,,,,,,,
,,,,,,,,,,,,,,,,,,,,,,,,,,
,,,,,,,,,,,,,,,,,,,,,,,,,,
,,,,,,,,,,,,,,,,,,,,,,,,,,
,,,,,,,,,,,,,,,,,,,,,,,,,,
,,,,,,,,,,,,,,,,,,,,,,,,,,
,,,,,,,,,,,,,,,,,,,,,,,,,,
,,,,,,,,,,,,,,,,,,,,,,,,,,
,,,,,,,,,,,,,,,,,,,,,,,,,,
,,,,,,,,,,,,,,,,,,,,,,,,,,
,,,,,,,,,,,,,,,,,,,,,,,,,,
,,,,,,,,,,,,,,,,,,,,,,,,,,
,,,,,,,,,,,,,,,,,,,,,,,,,,
,,,,,,,,,,,,,,,,,,,,,,,,,,
,,,,,,,,,,,,,,,,,,,,,,,,,,
,,,,,,,,,,,,,,,,,,,,,,,,,,
,,,,,,,,,,,,,,,,,,,,,,,,,,
,,,,,,,,,,,,,,,,,,,,,,,,,,
,,,,,,,,,,,,,,,,,,,,,,,,,,
,,,,,,,,,,,,,,,,,,,,,,,,,,
,,,,,,,,,,,,,,,,,,,,,,,,,,
,,,,,,,,,,,,,,,,,,,,,,,,,,
,,,,,,,,,,,,,,,,,,,,,,,,,,
,,,,,,,,,,,,,,,,,,,,,,,,,,
,,,,,,,,,,,,,,,,,,,,,,,,,,
,,,,,,,,,,,,,,,,,,,,,,,,,,
,,,,,,,,,,,,,,,,,,,,,,,,,,
,,,,,,,,,,,,,,,,,,,,,,,,,,
,,,,,,,,,,,,,,,,,,,,,,,,,,
,,,,,,,,,,,,,,,,,,,,,,,,,,
,,,,,,,,,,,,,,,,,,,,,,,,,,
,,,,,,,,,,,,,,,,,,,,,,,,,,
,,,,,,,,,,,,,,,,,,,,,,,,,,
,,,,,,,,,,,,,,,,,,,,,,,,,,
,,,,,,,,,,,,,,,,,,,,,,,,,,
,,,,,,,,,,,,,,,,,,,,,,,,,,
,,,,,,,,,,,,,,,,,,,,,,,,,,
,,,,,,,,,,,,,,,,,,,,,,,,,,
,,,,,,,,,,,,,,,,,,,,,,,,,,
,,,,,,,,,,,,,,,,,,,,,,,,,,
,,,,,,,,,,,,,,,,,,,,,,,,,,
,,,,,,,,,,,,,,,,,,,,,,,,,,
,,,,,,,,,,,,,,,,,,,,,,,,,,
,,,,,,,,,,,,,,,,,,,,,,,,,,
,,,,,,,,,,,,,,,,,,,,,,,,,,
,,,,,,,,,,,,,,,,,,,,,,,,,,
,,,,,,,,,,,,,,,,,,,,,,,,,,
,,,,,,,,,,,,,,,,,,,,,,,,,,
,,,,,,,,,,,,,,,,,,,,,,,,,,
,,,,,,,,,,,,,,,,,,,,,,,,,,
,,,,,,,,,,,,,,,,,,,,,,,,,,
,,,,,,,,,,,,,,,,,,,,,,,,,,
,,,,,,,,,,,,,,,,,,,,,,,,,,
,,,,,,,,,,,,,,,,,,,,,,,,,,
,,,,,,,,,,,,,,,,,,,,,,,,,,
,,,,,,,,,,,,,,,,,,,,,,,,,,
,,,,,,,,,,,,,,,,,,,,,,,,,,
,,,,,,,,,,,,,,,,,,,,,,,,,,
,,,,,,,,,,,,,,,,,,,,,,,,,,
,,,,,,,,,,,,,,,,,,,,,,,,,,
,,,,,,,,,,,,,,,,,,,,,,,,,,
,,,,,,,,,,,,,,,,,,,,,,,,,,
,,,,,,,,,,,,,,,,,,,,,,,,,,
,,,,,,,,,,,,,,,,,,,,,,,,,,
,,,,,,,,,,,,,,,,,,,,,,,,,,
,,,,,,,,,,,,,,,,,,,,,,,,,,
,,,,,,,,,,,,,,,,,,,,,,,,,,
,,,,,,,,,,,,,,,,,,,,,,,,,,
,,,,,,,,,,,,,,,,,,,,,,,,,,
,,,,,,,,,,,,,,,,,,,,,,,,,,
,,,,,,,,,,,,,,,,,,,,,,,,,,
,,,,,,,,,,,,,,,,,,,,,,,,,,
,,,,,,,,,,,,,,,,,,,,,,,,,,
,,,,,,,,,,,,,,,,,,,,,,,,,,
,,,,,,,,,,,,,,,,,,,,,,,,,,
,,,,,,,,,,,,,,,,,,,,,,,,,,
,,,,,,,,,,,,,,,,,,,,,,,,,,
,,,,,,,,,,,,,,,,,,,,,,,,,,
,,,,,,,,,,,,,,,,,,,,,,,,,,
,,,,,,,,,,,,,,,,,,,,,,,,,,
,,,,,,,,,,,,,,,,,,,,,,,,,,
,,,,,,,,,,,,,,,,,,,,,,,,,,
,,,,,,,,,,,,,,,,,,,,,,,,,,
,,,,,,,,,,,,,,,,,,,,,,,,,,
,,,,,,,,,,,,,,,,,,,,,,,,,,
,,,,,,,,,,,,,,,,,,,,,,,,,,
,,,,,,,,,,,,,,,,,,,,,,,,,,
,,,,,,,,,,,,,,,,,,,,,,,,,,
,,,,,,,,,,,,,,,,,,,,,,,,,,
,,,,,,,,,,,,,,,,,,,,,,,,,,
,,,,,,,,,,,,,,,,,,,,,,,,,,
,,,,,,,,,,,,,,,,,,,,,,,,,,
,,,,,,,,,,,,,,,,,,,,,,,,,,
,,,,,,,,,,,,,,,,,,,,,,,,,,
,,,,,,,,,,,,,,,,,,,,,,,,,,
,,,,,,,,,,,,,,,,,,,,,,,,,,
,,,,,,,,,,,,,,,,,,,,,,,,,,
,,,,,,,,,,,,,,,,,,,,,,,,,,
,,,,,,,,,,,,,,,,,,,,,,,,,,
,,,,,,,,,,,,,,,,,,,,,,,,,,
,,,,,,,,,,,,,,,,,,,,,,,,,,
,,,,,,,,,,,,,,,,,,,,,,,,,,
,,,,,,,,,,,,,,,,,,,,,,,,,,
,,,,,,,,,,,,,,,,,,,,,,,,,,
,,,,,,,,,,,,,,,,,,,,,,,,,,
,,,,,,,,,,,,,,,,,,,,,,,,,,
,,,,,,,,,,,,,,,,,,,,,,,,,,
,,,,,,,,,,,,,,,,,,,,,,,,,,
,,,,,,,,,,,,,,,,,,,,,,,,,,
,,,,,,,,,,,,,,,,,,,,,,,,,,
,,,,,,,,,,,,,,,,,,,,,,,,,,
,,,,,,,,,,,,,,,,,,,,,,,,,,
,,,,,,,,,,,,,,,,,,,,,,,,,,
,,,,,,,,,,,,,,,,,,,,,,,,,,
,,,,,,,,,,,,,,,,,,,,,,,,,,
,,,,,,,,,,,,,,,,,,,,,,,,,,
,,,,,,,,,,,,,,,,,,,,,,,,,,
,,,,,,,,,,,,,,,,,,,,,,,,,,
,,,,,,,,,,,,,,,,,,,,,,,,,,
,,,,,,,,,,,,,,,,,,,,,,,,,,
,,,,,,,,,,,,,,,,,,,,,,,,,,
,,,,,,,,,,,,,,,,,,,,,,,,,,
,,,,,,,,,,,,,,,,,,,,,,,,,,
,,,,,,,,,,,,,,,,,,,,,,,,,,
,,,,,,,,,,,,,,,,,,,,,,,,,,
,,,,,,,,,,,,,,,,,,,,,,,,,,
,,,,,,,,,,,,,,,,,,,,,,,,,,
,,,,,,,,,,,,,,,,,,,,,,,,,,
,,,,,,,,,,,,,,,,,,,,,,,,,,
,,,,,,,,,,,,,,,,,,,,,,,,,,
,,,,,,,,,,,,,,,,,,,,,,,,,,
,,,,,,,,,,,,,,,,,,,,,,,,,,
,,,,,,,,,,,,,,,,,,,,,,,,,,
,,,,,,,,,,,,,,,,,,,,,,,,,,
,,,,,,,,,,,,,,,,,,,,,,,,,,
,,,,,,,,,,,,,,,,,,,,,,,,,,
,,,,,,,,,,,,,,,,,,,,,,,,,,
,,,,,,,,,,,,,,,,,,,,,,,,,,
,,,,,,,,,,,,,,,,,,,,,,,,,,
,,,,,,,,,,,,,,,,,,,,,,,,,,
,,,,,,,,,,,,,,,,,,,,,,,,,,
,,,,,,,,,,,,,,,,,,,,,,,,,,
,,,,,,,,,,,,,,,,,,,,,,,,,,
,,,,,,,,,,,,,,,,,,,,,,,,,,
,,,,,,,,,,,,,,,,,,,,,,,,,,
,,,,,,,,,,,,,,,,,,,,,,,,,,
,,,,,,,,,,,,,,,,,,,,,,,,,,
,,,,,,,,,,,,,,,,,,,,,,,,,,
,,,,,,,,,,,,,,,,,,,,,,,,,,
,,,,,,,,,,,,,,,,,,,,,,,,,,
,,,,,,,,,,,,,,,,,,,,,,,,,,
,,,,,,,,,,,,,,,,,,,,,,,,,,
,,,,,,,,,,,,,,,,,,,,,,,,,,
,,,,,,,,,,,,,,,,,,,,,,,,,,
,,,,,,,,,,,,,,,,,,,,,,,,,,
,,,,,,,,,,,,,,,,,,,,,,,,,,
,,,,,,,,,,,,,,,,,,,,,,,,,,
,,,,,,,,,,,,,,,,,,,,,,,,,,
,,,,,,,,,,,,,,,,,,,,,,,,,,
,,,,,,,,,,,,,,,,,,,,,,,,,,
,,,,,,,,,,,,,,,,,,,,,,,,,,
,,,,,,,,,,,,,,,,,,,,,,,,,,
,,,,,,,,,,,,,,,,,,,,,,,,,,
,,,,,,,,,,,,,,,,,,,,,,,,,,
,,,,,,,,,,,,,,,,,,,,,,,,,,
,,,,,,,,,,,,,,,,,,,,,,,,,,
,,,,,,,,,,,,,,,,,,,,,,,,,,
,,,,,,,,,,,,,,,,,,,,,,,,,,
,,,,,,,,,,,,,,,,,,,,,,,,,,
,,,,,,,,,,,,,,,,,,,,,,,,,,
,,,,,,,,,,,,,,,,,,,,,,,,,,
,,,,,,,,,,,,,,,,,,,,,,,,,,
,,,,,,,,,,,,,,,,,,,,,,,,,,
,,,,,,,,,,,,,,,,,,,,,,,,,,
,,,,,,,,,,,,,,,,,,,,,,,,,,
,,,,,,,,,,,,,,,,,,,,,,,,,,
,,,,,,,,,,,,,,,,,,,,,,,,,,
,,,,,,,,,,,,,,,,,,,,,,,,,,
,,,,,,,,,,,,,,,,,,,,,,,,,,
,,,,,,,,,,,,,,,,,,,,,,,,,,
,,,,,,,,,,,,,,,,,,,,,,,,,,
,,,,,,,,,,,,,,,,,,,,,,,,,,
,,,,,,,,,,,,,,,,,,,,,,,,,,
,,,,,,,,,,,,,,,,,,,,,,,,,,
,,,,,,,,,,,,,,,,,,,,,,,,,,
,,,,,,,,,,,,,,,,,,,,,,,,,,
,,,,,,,,,,,,,,,,,,,,,,,,,,
,,,,,,,,,,,,,,,,,,,,,,,,,,
,,,,,,,,,,,,,,,,,,,,,,,,,,
,,,,,,,,,,,,,,,,,,,,,,,,,,
,,,,,,,,,,,,,,,,,,,,,,,,,,
,,,,,,,,,,,,,,,,,,,,,,,,,,
,,,,,,,,,,,,,,,,,,,,,,,,,,
,,,,,,,,,,,,,,,,,,,,,,,,,,
,,,,,,,,,,,,,,,,,,,,,,,,,,
,,,,,,,,,,,,,,,,,,,,,,,,,,
,,,,,,,,,,,,,,,,,,,,,,,,,,
,,,,,,,,,,,,,,,,,,,,,,,,,,
,,,,,,,,,,,,,,,,,,,,,,,,,,
,,,,,,,,,,,,,,,,,,,,,,,,,,
,,,,,,,,,,,,,,,,,,,,,,,,,,
,,,,,,,,,,,,,,,,,,,,,,,,,,
,,,,,,,,,,,,,,,,,,,,,,,,,,
,,,,,,,,,,,,,,,,,,,,,,,,,,
,,,,,,,,,,,,,,,,,,,,,,,,,,
,,,,,,,,,,,,,,,,,,,,,,,,,,
,,,,,,,,,,,,,,,,,,,,,,,,,,
,,,,,,,,,,,,,,,,,,,,,,,,,,
,,,,,,,,,,,,,,,,,,,,,,,,,,
,,,,,,,,,,,,,,,,,,,,,,,,,,
,,,,,,,,,,,,,,,,,,,,,,,,,,
,,,,,,,,,,,,,,,,,,,,,,,,,,
,,,,,,,,,,,,,,,,,,,,,,,,,,
,,,,,,,,,,,,,,,,,,,,,,,,,,
,,,,,,,,,,,,,,,,,,,,,,,,,,
,,,,,,,,,,,,,,,,,,,,,,,,,,
,,,,,,,,,,,,,,,,,,,,,,,,,,
,,,,,,,,,,,,,,,,,,,,,,,,,,
,,,,,,,,,,,,,,,,,,,,,,,,,,
,,,,,,,,,,,,,,,,,,,,,,,,,,
,,,,,,,,,,,,,,,,,,,,,,,,,,
,,,,,,,,,,,,,,,,,,,,,,,,,,
,,,,,,,,,,,,,,,,,,,,,,,,,,
,,,,,,,,,,,,,,,,,,,,,,,,,,
,,,,,,,,,,,,,,,,,,,,,,,,,,
,,,,,,,,,,,,,,,,,,,,,,,,,,
,,,,,,,,,,,,,,,,,,,,,,,,,,
,,,,,,,,,,,,,,,,,,,,,,,,,,
,,,,,,,,,,,,,,,,,,,,,,,,,,
,,,,,,,,,,,,,,,,,,,,,,,,,,
,,,,,,,,,,,,,,,,,,,,,,,,,,
,,,,,,,,,,,,,,,,,,,,,,,,,,
,,,,,,,,,,,,,,,,,,,,,,,,,,
,,,,,,,,,,,,,,,,,,,,,,,,,,
,,,,,,,,,,,,,,,,,,,,,,,,,,
,,,,,,,,,,,,,,,,,,,,,,,,,,
,,,,,,,,,,,,,,,,,,,,,,,,,,
,,,,,,,,,,,,,,,,,,,,,,,,,,
,,,,,,,,,,,,,,,,,,,,,,,,,,
,,,,,,,,,,,,,,,,,,,,,,,,,,
,,,,,,,,,,,,,,,,,,,,,,,,,,
,,,,,,,,,,,,,,,,,,,,,,,,,,
,,,,,,,,,,,,,,,,,,,,,,,,,,
,,,,,,,,,,,,,,,,,,,,,,,,,,
,,,,,,,,,,,,,,,,,,,,,,,,,,
,,,,,,,,,,,,,,,,,,,,,,,,,,
,,,,,,,,,,,,,,,,,,,,,,,,,,
,,,,,,,,,,,,,,,,,,,,,,,,,,
,,,,,,,,,,,,,,,,,,,,,,,,,,
,,,,,,,,,,,,,,,,,,,,,,,,,,
,,,,,,,,,,,,,,,,,,,,,,,,,,
,,,,,,,,,,,,,,,,,,,,,,,,,,
,,,,,,,,,,,,,,,,,,,,,,,,,,
,,,,,,,,,,,,,,,,,,,,,,,,,,
,,,,,,,,,,,,,,,,,,,,,,,,,,
,,,,,,,,,,,,,,,,,,,,,,,,,,
,,,,,,,,,,,,,,,,,,,,,,,,,,
,,,,,,,,,,,,,,,,,,,,,,,,,,
,,,,,,,,,,,,,,,,,,,,,,,,,,
,,,,,,,,,,,,,,,,,,,,,,,,,,
,,,,,,,,,,,,,,,,,,,,,,,,,,
,,,,,,,,,,,,,,,,,,,,,,,,,,
,,,,,,,,,,,,,,,,,,,,,,,,,,
,,,,,,,,,,,,,,,,,,,,,,,,,,
,,,,,,,,,,,,,,,,,,,,,,,,,,
,,,,,,,,,,,,,,,,,,,,,,,,,,
,,,,,,,,,,,,,,,,,,,,,,,,,,
,,,,,,,,,,,,,,,,,,,,,,,,,,
,,,,,,,,,,,,,,,,,,,,,,,,,,
,,,,,,,,,,,,,,,,,,,,,,,,,,
,,,,,,,,,,,,,,,,,,,,,,,,,,
,,,,,,,,,,,,,,,,,,,,,,,,,,
,,,,,,,,,,,,,,,,,,,,,,,,,,
,,,,,,,,,,,,,,,,,,,,,,,,,,
,,,,,,,,,,,,,,,,,,,,,,,,,,
,,,,,,,,,,,,,,,,,,,,,,,,,,
,,,,,,,,,,,,,,,,,,,,,,,,,,
,,,,,,,,,,,,,,,,,,,,,,,,,,
,,,,,,,,,,,,,,,,,,,,,,,,,,
,,,,,,,,,,,,,,,,,,,,,,,,,,
,,,,,,,,,,,,,,,,,,,,,,,,,,
,,,,,,,,,,,,,,,,,,,,,,,,,,
,,,,,,,,,,,,,,,,,,,,,,,,,,
,,,,,,,,,,,,,,,,,,,,,,,,,,
,,,,,,,,,,,,,,,,,,,,,,,,,,
,,,,,,,,,,,,,,,,,,,,,,,,,,
,,,,,,,,,,,,,,,,,,,,,,,,,,
,,,,,,,,,,,,,,,,,,,,,,,,,,
,,,,,,,,,,,,,,,,,,,,,,,,,,
,,,,,,,,,,,,,,,,,,,,,,,,,,
,,,,,,,,,,,,,,,,,,,,,,,,,,
,,,,,,,,,,,,,,,,,,,,,,,,,,
,,,,,,,,,,,,,,,,,,,,,,,,,,
,,,,,,,,,,,,,,,,,,,,,,,,,,
,,,,,,,,,,,,,,,,,,,,,,,,,,
,,,,,,,,,,,,,,,,,,,,,,,,,,
,,,,,,,,,,,,,,,,,,,,,,,,,,
,,,,,,,,,,,,,,,,,,,,,,,,,,
,,,,,,,,,,,,,,,,,,,,,,,,,,
,,,,,,,,,,,,,,,,,,,,,,,,,,
,,,,,,,,,,,,,,,,,,,,,,,,,,
,,,,,,,,,,,,,,,,,,,,,,,,,,
,,,,,,,,,,,,,,,,,,,,,,,,,,
,,,,,,,,,,,,,,,,,,,,,,,,,,
,,,,,,,,,,,,,,,,,,,,,,,,,,
,,,,,,,,,,,,,,,,,,,,,,,,,,
,,,,,,,,,,,,,,,,,,,,,,,,,,
,,,,,,,,,,,,,,,,,,,,,,,,,,
,,,,,,,,,,,,,,,,,,,,,,,,,,
,,,,,,,,,,,,,,,,,,,,,,,,,,
,,,,,,,,,,,,,,,,,,,,,,,,,,
,,,,,,,,,,,,,,,,,,,,,,,,,,
,,,,,,,,,,,,,,,,,,,,,,,,,,
,,,,,,,,,,,,,,,,,,,,,,,,,,
,,,,,,,,,,,,,,,,,,,,,,,,,,
,,,,,,,,,,,,,,,,,,,,,,,,,,
,,,,,,,,,,,,,,,,,,,,,,,,,,
,,,,,,,,,,,,,,,,,,,,,,,,,,
,,,,,,,,,,,,,,,,,,,,,,,,,,
,,,,,,,,,,,,,,,,,,,,,,,,,,
,,,,,,,,,,,,,,,,,,,,,,,,,,
,,,,,,,,,,,,,,,,,,,,,,,,,,
,,,,,,,,,,,,,,,,,,,,,,,,,,
,,,,,,,,,,,,,,,,,,,,,,,,,,
,,,,,,,,,,,,,,,,,,,,,,,,,,
,,,,,,,,,,,,,,,,,,,,,,,,,,
,,,,,,,,,,,,,,,,,,,,,,,,,,
,,,,,,,,,,,,,,,,,,,,,,,,,,
,,,,,,,,,,,,,,,,,,,,,,,,,,
,,,,,,,,,,,,,,,,,,,,,,,,,,
,,,,,,,,,,,,,,,,,,,,,,,,,,
,,,,,,,,,,,,,,,,,,,,,,,,,,
,,,,,,,,,,,,,,,,,,,,,,,,,,
,,,,,,,,,,,,,,,,,,,,,,,,,,
,,,,,,,,,,,,,,,,,,,,,,,,,,
,,,,,,,,,,,,,,,,,,,,,,,,,,
,,,,,,,,,,,,,,,,,,,,,,,,,,
,,,,,,,,,,,,,,,,,,,,,,,,,,
,,,,,,,,,,,,,,,,,,,,,,,,,,
,,,,,,,,,,,,,,,,,,,,,,,,,,
,,,,,,,,,,,,,,,,,,,,,,,,,,
,,,,,,,,,,,,,,,,,,,,,,,,,,
,,,,,,,,,,,,,,,,,,,,,,,,,,
,,,,,,,,,,,,,,,,,,,,,,,,,,
,,,,,,,,,,,,,,,,,,,,,,,,,,
,,,,,,,,,,,,,,,,,,,,,,,,,,
,,,,,,,,,,,,,,,,,,,,,,,,,,
,,,,,,,,,,,,,,,,,,,,,,,,,,
,,,,,,,,,,,,,,,,,,,,,,,,,,
,,,,,,,,,,,,,,,,,,,,,,,,,,
,,,,,,,,,,,,,,,,,,,,,,,,,,
,,,,,,,,,,,,,,,,,,,,,,,,,,
,,,,,,,,,,,,,,,,,,,,,,,,,,
,,,,,,,,,,,,,,,,,,,,,,,,,,
,,,,,,,,,,,,,,,,,,,,,,,,,,
,,,,,,,,,,,,,,,,,,,,,,,,,,
,,,,,,,,,,,,,,,,,,,,,,,,,,
,,,,,,,,,,,,,,,,,,,,,,,,,,
,,,,,,,,,,,,,,,,,,,,,,,,,,
,,,,,,,,,,,,,,,,,,,,,,,,,,
,,,,,,,,,,,,,,,,,,,,,,,,,,
,,,,,,,,,,,,,,,,,,,,,,,,,,
,,,,,,,,,,,,,,,,,,,,,,,,,,
,,,,,,,,,,,,,,,,,,,,,,,,,,
,,,,,,,,,,,,,,,,,,,,,,,,,,
,,,,,,,,,,,,,,,,,,,,,,,,,,
,,,,,,,,,,,,,,,,,,,,,,,,,,
,,,,,,,,,,,,,,,,,,,,,,,,,,
,,,,,,,,,,,,,,,,,,,,,,,,,,
,,,,,,,,,,,,,,,,,,,,,,,,,,
,,,,,,,,,,,,,,,,,,,,,,,,,,
,,,,,,,,,,,,,,,,,,,,,,,,,,
,,,,,,,,,,,,,,,,,,,,,,,,,,
,,,,,,,,,,,,,,,,,,,,,,,,,,
,,,,,,,,,,,,,,,,,,,,,,,,,,
,,,,,,,,,,,,,,,,,,,,,,,,,,
,,,,,,,,,,,,,,,,,,,,,,,,,,
,,,,,,,,,,,,,,,,,,,,,,,,,,
,,,,,,,,,,,,,,,,,,,,,,,,,,
,,,,,,,,,,,,,,,,,,,,,,,,,,
,,,,,,,,,,,,,,,,,,,,,,,,,,
,,,,,,,,,,,,,,,,,,,,,,,,,,
,,,,,,,,,,,,,,,,,,,,,,,,,,
,,,,,,,,,,,,,,,,,,,,,,,,,,
,,,,,,,,,,,,,,,,,,,,,,,,,,
,,,,,,,,,,,,,,,,,,,,,,,,,,